iso,country,year,imports,exports,trade_usd,gdp_usd,trade_pct_gdp
ARG,Argentina,2000,33070146000.0,31223690400.0,64293836400.0,284203750000.0,22.622444777734284
ARG,Argentina,2001,27603881800.0,31112418400.0,58716300200.0,268696750000.0,21.852255451545282
ARG,Argentina,2002,13065823829.1753,27736610298.2555,40802434127.4308,97724004251.8602,41.75272435856425
ARG,Argentina,2003,18772898618.6064,33084505277.8061,51857403896.4125,127586973492.177,40.64474803110847
ARG,Argentina,2004,27736672323.6712,39266996605.7973,67003668929.4685,164657930452.787,40.69264610894689
ARG,Argentina,2005,34392237786.5721,46198180131.0044,80590417917.5765,198737095012.282,40.551270970623776
ARG,Argentina,2006,40480743015.8524,53550250227.3909,94030993243.2433,232557260817.308,40.43347987191508
ARG,Argentina,2007,52567536062.3157,65162321195.025,117729857257.3407,287530508430.568,40.945170618570984
ARG,Argentina,2008,66316154417.0834,79762958392.3012,146079112809.3846,361558037110.419,40.40267337903828
ARG,Argentina,2009,48268743529.5373,65133480388.4946,113402223918.0319,332976484577.619,34.057126905487856
ARG,Argentina,2010,67937933972.3653,80208867995.7171,148146801968.0824,423627422092.49,34.97101326356954
ARG,Argentina,2011,88838309449.3132,97809980730.5834,186648290179.8966,530158122010.442,35.2061549999644
ARG,Argentina,2012,78013690406.706,88655850853.7721,166669541260.4781,545982375701.128,30.526542371710804
ARG,Argentina,2013,81240190816.9153,80690471898.442,161930662715.3573,552025140252.246,29.333929002103716
ARG,Argentina,2014,73691675720.0984,75818867911.0825,149510543631.1809,526319673731.638,28.406793645227474
ARG,Argentina,2015,70064879911.7042,63671789068.8987,133736668980.6029,594749285413.212,22.486226088979176
ARG,Argentina,2016,75639254067.6608,69842604407.3878,145481858475.0486,557532320662.955,26.09388784887984
ARG,Argentina,2017,89910495566.9384,72860557902.7631,162771053469.7015,643628393281.364,25.289601137677852
ARG,Argentina,2018,85681309473.2328,75766598613.0197,161447908086.2525,524819892360.176,30.762535954992583
ARG,Argentina,2019,65845624691.108,80259482469.139,146105107160.247,447754683615.225,32.63061504584985
ARG,Argentina,2020,52454091268.1886,64053810078.3073,116507901346.4959,385740508436.965,30.203698807415968
ARG,Argentina,2021,73042905138.0607,87906118244.6601,160949023382.7208,486564085480.036,33.07868956746595
ARG,Argentina,2022,96991607940.8038,103224756800.251,200216364741.0548,633993756301.08,31.58017926062559
ARG,Argentina,2023,89980573297.99,83276004574.7551,173256577872.7451,649461687959.174,26.67695124822147
AUS,Australia,2000,89663284607.9064,80695888525.1996,170359173133.106,416901962163.479,40.863125769195435
AUS,Australia,2001,83770437082.2828,84096722017.0419,167867159099.3247,380360222861.197,44.13373139719282
AUS,Australia,2002,82017039226.4277,82033782309.5723,164050821536.0,396436967262.563,41.38131281469217
AUS,Australia,2003,98900407687.8276,89138031450.2038,188038439138.0314,468517181129.878,40.13480117944813
AUS,Australia,2004,121992459809.361,105490823730.26,227483283539.621,615643050220.515,36.950515961828785
AUS,Australia,2005,145652868456.563,126785667301.888,272438535758.451,696811489612.816,39.09788225648112
AUS,Australia,2006,162450827269.882,148587374344.676,311038201614.558,749708370332.989,41.48789234891533
AUS,Australia,2007,186601240480.49,172570464002.512,359171704483.002,856603595823.192,41.929745127656126
AUS,Australia,2008,239715332950.148,212794797279.029,452510130229.177,1058448244063.77,42.7522207880307
AUS,Australia,2009,211106497147.687,213717313259.647,424823810407.334,931761689770.843,45.593612086778855
AUS,Australia,2010,238100480913.207,227427026265.26,465527507178.467,1152566632022.13,40.39050708606048
AUS,Australia,2011,285510760029.696,299823615768.297,585334375797.993,1402939868653.4,41.72198601496879
AUS,Australia,2012,335367853143.349,332613569102.522,667981422245.871,1552728401401.58,43.019849552755865
AUS,Australia,2013,335869075673.186,315055128030.195,650924203703.381,1583737461925.39,41.100511881056086
AUS,Australia,2014,314156216978.941,309621975144.753,623778192123.694,1474677007565.64,42.299309538528135
AUS,Australia,2015,291850364122.4,271152836560.501,563003200682.901,1356805839935.9,41.49475069399017
AUS,Australia,2016,261827324555.529,232663011512.861,494490336068.39,1211588128417.61,40.81340221732093
AUS,Australia,2017,277671313150.053,281774035049.614,559445348199.667,1330890554614.09,42.03541352518546
AUS,Australia,2018,311861687284.904,312605804111.245,624467491396.149,1433144978761.67,43.5732253645217
AUS,Australia,2019,306786753625.531,336477593836.115,643264347461.646,1398349602956.35,46.00168270521729
AUS,Australia,2020,274154332727.111,319174580744.374,593328913471.485,1333336461648.09,44.49956410387908
AUS,Australia,2021,284038962017.929,343364164705.654,627403126723.583,1560617493202.69,40.20223593905961
AUS,Australia,2022,343078219088.328,431732710875.763,774810929964.091,1695627535475.8,45.694641880575254
AUS,Australia,2023,387533147572.319,463117015978.139,850650163550.458,1734451264655.6,49.044339318427994
AUT,Austria,2000,82889700573.0198,85517700615.7602,168407401188.78,196181599831.287,85.84260773365476
AUT,Austria,2001,84769003459.8044,88123583855.2769,172892587315.0813,196477206829.33,87.99625671860478
AUT,Austria,2002,89249970295.3794,97162434781.7614,186412405077.1408,212837224022.813,87.58449370546205
AUT,Austria,2003,109674880759.846,116896445115.898,226571325875.744,260779834340.097,86.88222632286059
AUT,Austria,2004,132415630675.268,141284759924.34,273700390599.608,299210411454.823,91.47422018800081
AUT,Austria,2005,143550311539.15,153683275028.619,297233586567.769,313952317330.776,94.67475478278048
AUT,Austria,2006,158881044290.089,170970399267.409,329851443557.498,333905979332.481,98.78572531612384
AUT,Austria,2007,187479966356.112,204559326902.395,392039293258.507,386760177589.497,101.36495843546054
AUT,Austria,2008,210948589023.367,230062733001.008,441011322024.375,429234399096.173,102.74370436130012
AUT,Austria,2009,168155373268.152,181624739693.597,349780112961.749,399290118782.429,87.60049310219526
AUT,Austria,2010,187354745672.784,201088697058.6,388443442731.384,389827789217.634,99.64488255467155
AUT,Austria,2011,220838859461.654,232888435640.827,453727295102.481,428954737064.057,105.77509837237784
AUT,Austria,2012,209538729662.453,220969205398.673,430507935061.126,406750487603.59,105.84079138970559
AUT,Austria,2013,217963667008.11,229883469300.996,447847136309.106,426580502769.417,104.98537401536714
AUT,Austria,2014,222087325386.816,236189419666.341,458276745053.157,438556021078.034,104.49673998925988
AUT,Austria,2015,188716276454.947,202662480693.772,391378757148.719,379546097300.633,103.1175817462598
AUT,Austria,2016,192552851879.041,207329157226.967,399882009106.008,393687359770.273,101.57349459717216
AUT,Austria,2017,212566814420.159,225412896932.944,437979711353.103,414926138132.691,105.55606675543771
AUT,Austria,2018,238401029982.974,252098473760.43,490499503743.404,452582294972.775,108.37796997182795
AUT,Austria,2019,231731288458.933,247609283522.368,479340571981.301,442983642371.842,108.20728490442563
AUT,Austria,2020,209749421171.3,224423223720.542,434172644891.842,434397601557.696,99.94821410959744
AUT,Austria,2021,264636005985.36,268839884920.186,533475890905.546,480466363176.806,111.03293212416476
AUT,Austria,2022,294117763031.398,290687124329.312,584804887360.71,473221298968.216,123.57957865290177
AUT,Austria,2023,292777313124.176,302183838742.939,594961151867.115,516670509628.876,115.15291482273201
BEL,Belgium,2000,165003474243.608,171786761887.373,336790236130.981,236792460312.471,142.23013506703427
BEL,Belgium,2001,160904233210.669,169538549671.103,330442782881.772,236746141604.37,139.57683983461908
BEL,Belgium,2002,168605250992.157,183016456470.236,351621707462.393,258383599375.177,136.08514948808065
BEL,Belgium,2003,202551914317.803,219593071857.725,422144986175.528,318082528506.588,132.71555283388813
BEL,Belgium,2004,243726488208.109,261796408380.927,505522896589.036,369214712443.206,136.9184053484319
BEL,Belgium,2005,270950047193.152,286519836951.906,557469884145.058,385714762230.039,144.52905066998312
BEL,Belgium,2006,297060116700.705,313563958756.941,610624075457.646,408259840868.823,149.56750929951107
BEL,Belgium,2007,349267150580.942,368740547135.766,718007697716.708,470922156309.453,152.46844687530262
BEL,Belgium,2008,414937621998.828,418418164815.625,833355786814.453,517328087920.078,161.08844779044708
BEL,Belgium,2009,322739959901.836,332700938045.898,655440897947.734,485014525992.461,135.1384057222901
BEL,Belgium,2010,357961529746.667,365156061525.001,723117591271.668,481556503720.001,150.1625636214274
BEL,Belgium,2011,424362474851.168,423187943008.756,847550417859.924,527196649048.639,160.76551688812597
BEL,Belgium,2012,400397837167.617,398975576107.852,799373413275.469,498414364944.961,160.38330142505873
BEL,Belgium,2013,412266300213.295,413572371493.06,825838671706.355,524097026598.55,157.5736227824346
BEL,Belgium,2014,425952025321.449,427143291974.744,853095317296.193,537987419164.351,158.57161095352285
BEL,Belgium,2015,355884802917.226,359051241755.781,714936044673.007,461044767544.531,155.0686820459259
BEL,Belgium,2016,376759269084.981,377606160656.616,754365429741.597,474271566739.729,159.05769661194512
BEL,Belgium,2017,418056820188.001,417980340772.354,836037160960.355,500908767351.53,166.90407823779157
BEL,Belgium,2018,460128692309.647,453011551860.862,913140244170.509,542638913427.921,168.27769287721785
BEL,Belgium,2019,442788775443.921,445308040880.784,888096816324.705,536726344405.489,165.46547893199008
BEL,Belgium,2020,411854672039.534,419501446549.729,831356118589.263,529694473501.791,156.95012128278358
BEL,Belgium,2021,525242552932.162,536427964592.627,1061670517524.789,598522422241.851,177.38191220107524
BEL,Belgium,2022,571920929941.442,558111250100.975,1130032180042.417,591474463578.602,191.05341813159194
BEL,Belgium,2023,541280155476.676,538931856271.578,1080212011748.254,650779364363.737,165.98744073644232
BGR,Bulgaria,2000,5500922374.03841,4797791666.18635,10298714040.22476,13246669553.9701,77.74568542127011
BGR,Bulgaria,2001,6269411766.46021,4947626203.94835,11217037970.40856,14184170318.951,79.08138240149194
BGR,Bulgaria,2002,6827674436.47229,5519464526.37527,12347138962.84756,16403880782.9964,75.26962141572075
BGR,Bulgaria,2003,9430486362.63935,7277821210.20919,16708307572.84854,21146038619.2612,79.01388942716446
BGR,Bulgaria,2004,13630779782.2522,10713880327.283,24344660109.5352,26159078743.1056,93.06390469102968
BGR,Bulgaria,2005,17081160934.0978,12703659939.3603,29784820873.4581,29870182424.913,99.71422487402117
BGR,Bulgaria,2006,22028593152.0197,16152072592.5674,38180665744.5871,34382295487.2238,111.04745975664929
BGR,Bulgaria,2007,31626685276.2273,23263189913.6984,54889875189.9257,44433521724.8301,123.5325786910391
BGR,Bulgaria,2008,39343107071.4898,28591649713.6811,67934756785.1709,54483464293.1671,124.68876138203046
BGR,Bulgaria,2009,26259726918.7056,21964974098.1393,48224701016.8449,52026461289.6618,92.69264105500032
BGR,Bulgaria,2010,27009762882.7149,25395522756.1356,52405285638.8505,50691645231.0083,103.38051842672087
BGR,Bulgaria,2011,33820213313.8239,33911530784.7453,67731744098.5692,57684243980.4624,117.4181014169309
BGR,Bulgaria,2012,34548290470.1789,32767921909.6262,67316212379.8051,54299825600.0647,123.97132336227041
BGR,Bulgaria,2013,36353430967.5142,36041537034.1799,72394968001.6941,55822115861.1854,129.68868500384497
BGR,Bulgaria,2014,37502678291.3933,36848064410.2017,74350742701.595,57083817239.8145,130.24837212487125
BGR,Bulgaria,2015,31958895177.2513,32383417567.5048,64342312744.7561,50768512172.9373,126.73665228868862
BGR,Bulgaria,2016,31790083604.6456,34441575793.7464,66231659398.392,53932152153.5457,122.80551907112738
BGR,Bulgaria,2017,37066822040.535,39638742330.8676,76705564371.4026,59170671046.4798,129.63443377403777
BGR,Bulgaria,2018,41807171882.3738,43572669715.493,85379841597.8668,66100606676.6544,129.16650223124427
BGR,Bulgaria,2019,41764330852.543,44053127057.0848,85817457909.6278,68511235459.4907,125.26041507508636
BGR,Bulgaria,2020,38028750955.8448,39809586250.4753,77838337206.3201,70490478088.1395,110.42390308233266
BGR,Bulgaria,2021,50091113310.9232,52188034903.5088,102279148214.432,84378926047.3002,121.21409101260367
BGR,Bulgaria,2022,62330614855.5188,63338969112.3653,125669583967.8841,90510784777.6397,138.84487277026707
BGR,Bulgaria,2023,59170791455.7143,63371847847.3694,122542639303.0837,102204457334.822,119.8995058519158
BRA,Brazil,2000,81614535020.0582,66777380518.3383,148391915538.3965,655448231983.527,22.639761356794075
BRA,Brazil,2001,81559232850.0804,69279555096.2874,150838787946.3678,559983634798.981,26.936285022064055
BRA,Brazil,2002,68250204101.3395,72546876638.2809,140797080739.6204,509795273806.715,27.61835740223094
BRA,Brazil,2003,72344866164.6317,84744257516.308,157089123680.9397,558233745651.874,28.14038472315926
BRA,Brazil,2004,87894373254.5582,110739032053.055,198633405307.6132,669289424806.307,29.678252478753553
BRA,Brazil,2005,105595891948.291,135919140236.363,241515032184.654,891633839894.183,27.08679520433146
BRA,Brazil,2006,129231037310.712,159213742531.583,288444779842.295,1107626541434.92,26.04169989179001
BRA,Brazil,2007,167163857933.354,186202879575.236,353366737508.59,1397114486368.67,25.292611375539327
BRA,Brazil,2008,232731840904.542,229517035697.556,462248876602.098,1695855083497.52,27.257569417356052
BRA,Brazil,2009,187613855712.734,180891970353.521,368505826066.255,1666996438581.43,22.10597560603331
BRA,Brazil,2010,262997327803.632,240003137741.747,503000465545.379,2208837745100.55,22.772178113176967
BRA,Brazil,2011,323144804340.432,303016626325.823,626161430666.255,2616156223917.69,23.934405175872076
BRA,Brazil,2012,326315660071.406,292808395453.514,619124055524.92,2465227802806.76,25.114273610739858
BRA,Brazil,2013,347276016899.117,290364173324.942,637640190224.059,2472819535557.21,25.78595732746737
BRA,Brazil,2014,335826230156.841,270458130850.098,606284361006.939,2456043727198.85,24.685405813129158
BRA,Brazil,2015,253272712377.634,232488824444.589,485761536822.223,1802212206814.5,26.953625937360105
BRA,Brazil,2016,216686387069.85,223863343103.297,440549730173.147,1795693482853.01,24.533682077700618
BRA,Brazil,2017,243510584262.84,258330777006.501,501841361269.341,2063514977365.65,24.319734374305728
BRA,Brazil,2018,272994464677.427,280543266303.121,553537730980.548,1916933898010.99,28.87620337638656
BRA,Brazil,2019,276634813667.029,264562979421.068,541197793088.097,1873288205059.69,28.89025786989634
BRA,Brazil,2020,233941246230.247,242872071018.291,476813317248.538,1476107231310.49,32.30207854379404
BRA,Brazil,2021,309853308958.678,319251201403.084,629104510361.762,1670647398904.9,37.656330759808235
BRA,Brazil,2022,374482483050.831,383177602116.201,757660085167.032,1951923942083.32,38.81606597633969
BRA,Brazil,2023,343939883228.749,393731572887.926,737671456116.675,2191131765684.63,33.666229830143784
CAN,Canada,2000,287155747087.738,329258635782.102,616414382869.84,744773415931.587,82.76535785032131
CAN,Canada,2001,268281895661.157,310667613636.364,578949509297.521,738981792355.372,78.3442183943698
CAN,Canada,2002,271159115529.217,304705919836.87,575865035366.087,760650608551.583,75.70690523243499
CAN,Canada,2003,295296552708.586,330149882235.386,625446434943.972,895542074084.648,69.83998329539723
CAN,Canada,2004,337418139892.391,383240584166.026,720658724058.417,1026691006917.76,70.19236744090261
CAN,Canada,2005,385981185014.029,432369202838.752,818350387852.781,1173118501402.87,69.75854416021564
CAN,Canada,2006,430736071932.299,467052186177.715,897788258110.014,1319291255289.14,68.05080034531511
CAN,Canada,2007,470813704496.788,502770691741.923,973584396238.711,1468820407783.26,66.28341974823472
CAN,Canada,2008,506718837863.168,534150890346.767,1040869728209.935,1552993439550.14,67.02344657112312
CAN,Canada,2009,411817863703.963,391985828011.548,803803691715.511,1374627766599.6,58.47428018305424
CAN,Canada,2010,502035342676.986,471736717163.276,973772059840.262,1617349192091.46,60.207904675244414
CAN,Canada,2011,570642753938.112,550163771962.44,1120806525900.552,1793335727900.85,62.49842171005467
CAN,Canada,2012,589511490951.583,554964544782.69,1144476035734.273,1828359477071.97,62.59578874320144
CAN,Canada,2013,589048627265.353,560108797442.998,1149157424708.351,1846583831414.43,62.231532907343265
CAN,Canada,2014,589434433378.268,573083180253.852,1162517613632.12,1805751688808.98,64.37859761321238
CAN,Canada,2015,534115083556.223,495747450357.728,1029862533913.951,1556510380200.23,66.16483558442245
CAN,Canada,2016,517396012626.09,481357649980.237,998753662606.327,1527996250640.92,65.3636199818814
CAN,Canada,2017,554922650425.45,518766780219.71,1073689430645.16,1649269496514.62,65.10090879108442
CAN,Canada,2018,591347645767.306,557719627178.031,1149067272945.337,1725330736237.69,66.59982627163004
CAN,Canada,2019,589706748631.384,564142104614.779,1153848853246.163,1743728952156.85,66.17134227306065
CAN,Canada,2020,524572641557.224,487990676642.934,1012563318200.158,1655686966881.99,61.15668833867972
CAN,Canada,2021,628388638999.206,630478158309.719,1258866797308.925,2022377950896.78,62.246861263034816
CAN,Canada,2022,731290006744.08,742056361162.595,1473346367906.675,2200562785046.32,66.95316206920506
CAN,Canada,2023,729991623300.122,732380673864.391,1462372297164.513,2196593836347.42,66.5745425015032
CHN,China,2000,224306238158.48,253092089737.0,477398327895.48,1223754919971.05,39.010942477499796
CHN,China,2001,243973790217.759,272060010515.89,516033800733.649,1355036590251.52,38.082646951833496
CHN,China,2002,295619639659.43,333002310923.451,628621950582.881,1489821682050.54,42.194442338741304
CHN,China,2003,412137124715.32,447958253781.62,860095378496.94,1683903309843.85,51.07748013018024
CHN,China,2004,556182551584.76,607356934124.72,1163539485709.48,1984196551300.44,58.64033404084377
CHN,China,2005,648712207879.781,773339005396.99,1422051213276.771,2317551298052.05,61.360074940823736
CHN,China,2006,782812463259.9,991731387760.501,1774543851020.401,2791498472804.33,63.569579862162705
CHN,China,2007,950020767157.33,1258056795940.68,2208077563098.01,3604055822571.63,61.266464000617596
CHN,China,2008,1149036249785.66,1497868782939.59,2646905032725.25,4667346414521.95,56.71113300032086
CHN,China,2009,1042533759652.94,1262664161019.72,2305197920672.66,5189577094997.58,44.419764433111965
CHN,China,2010,1432422435977.06,1654823329663.86,3087245765640.92,6192564874453.29,49.8540722338977
CHN,China,2011,1825413639206.37,2006308960976.47,3831722600182.84,7671757207851.29,49.94582722536433
CHN,China,2012,1943205232867.15,2175069254663.85,4118274487531.0,8673664713189.24,47.48021307843178
CHN,China,2013,2119392421427.69,2354264539609.2,4473656961036.89,9743124247267.24,45.91604137955713
CHN,China,2014,2241276198979.27,2462825804851.16,4704102003830.43,10674533168257.4,44.068456481253
CHN,China,2015,2003260696068.67,2362097053274.6,4365357749343.27,11280814787468.9,38.69718483626247
CHN,China,2016,1944490534275.23,2199974853570.14,4144465387845.37,11456024084962.0,36.17717069297797
CHN,China,2017,2208518918632.2,2424216052098.35,4632734970730.55,12537559062282.9,36.95085261585997
CHN,China,2018,2564121910994.89,2655609176087.45,5219731087082.34,14147765772963.8,36.89438439147176
CHN,China,2019,2521036548136.79,2641188436776.47,5162224984913.26,14560167101283.4,35.454435028140836
CHN,China,2020,2409650385964.34,2739785089628.44,5149435475592.78,14996414166715.1,34.337778473883944
CHN,China,2021,3132116155606.12,3537510275663.96,6669626431270.08,18201698719564.0,36.64287896437527
CHN,China,2022,3166016135468.4,3705070541732.88,6871086677201.28,18316765021690.2,37.51255567817097
CHN,China,2023,3167502597276.28,3544871083631.02,6712373680907.3,18270356654533.2,36.739149693839394
CYP,Cyprus,2000,6743650329.87747,6986380772.8558,13730031102.73327,9985847313.85485,137.49490324855614
CYP,Cyprus,2001,6617244990.89253,7092287795.99271,13709532786.88524,10397898907.1038,131.84906786811464
CYP,Cyprus,2002,6993294230.76923,7126828846.15385,14120123076.92308,11420228846.1538,123.64133212338014
CYP,Cyprus,2003,8181782559.4564,8402847112.11778,16584629671.57418,14547329558.3239,114.00463298148455
CYP,Cyprus,2004,9875106250.0,9853627500.0,19728733750.0,17320551250.0,113.90361348920692
CYP,Cyprus,2005,10364178584.7531,10265955726.8996,20630134311.6527,18433412510.8817,111.91706527195775
CYP,Cyprus,2006,11315149918.4544,10726039392.7989,22041189311.2533,20072754986.8272,109.80649804034319
CYP,Cyprus,2007,13905730906.1046,12765499589.3786,26671230495.4832,23968727073.6381,111.27512284462297
CYP,Cyprus,2008,17570233131.875,14002033289.1406,31572266421.0156,27958384913.4219,112.92593087470797
CYP,Cyprus,2009,14083954983.125,12691264734.8828,26775219718.0078,26048190775.3879,102.79109189919957
CYP,Cyprus,2010,15110295846.2667,12986277677.3,28096573523.5667,25799940416.0167,108.90169926952326
CYP,Cyprus,2011,15800753606.3522,14775539587.8308,30576293194.183,27641553201.0506,110.61713128703946
CYP,Cyprus,2012,14293541210.6531,13845815484.7008,28139356695.3539,25047433099.5891,112.34427329727261
CYP,Cyprus,2013,14287081057.6424,14686484667.4577,28973565725.1001,23959708956.2926,120.92620063938924
CYP,Cyprus,2014,15071911808.5807,15317885057.2972,30389796865.8779,23225912183.4991,130.84436307939023
CYP,Cyprus,2015,13390799837.9844,13939933271.9672,27330733109.9516,19909269064.8473,137.2764264771928
CYP,Cyprus,2016,14424827081.7969,14834392302.579,29259219384.3759,21046452117.3759,139.0220984572481
CYP,Cyprus,2017,17021058792.8412,16942949247.2565,33964008040.0977,22946583375.5506,148.01335555813543
CYP,Cyprus,2018,18829384342.8517,19189606173.1592,38018990516.0109,25754011492.2204,147.62356741005348
CYP,Cyprus,2019,19581296224.5568,19846292633.1451,39427588857.7019,26196660680.1176,150.50616312950962
CYP,Cyprus,2020,20705101712.979,20353920955.1253,41059022668.1043,25555082266.6429,160.668716459969
CYP,Cyprus,2021,26141699845.4957,27565547681.4841,53707247526.9798,30372637513.1352,176.82773681986993
CYP,Cyprus,2022,31557528863.7997,32674705004.8484,64232233868.6481,31218047043.8386,205.75353025270488
CYP,Cyprus,2023,33094024492.8653,33809206919.8516,66903231412.7169,35075440602.5202,190.74095795651914
CZE,Czechia,2000,30886476402.6894,29733777253.8249,60620253656.5143,62175642238.0847,97.4983956327874
CZE,Czechia,2001,34009759252.4917,33128639672.7285,67138398925.2202,68135304463.9641,98.53687373001884
CZE,Czechia,2002,38081836120.054,36991594020.514,75073430140.568,82607869609.574,90.87927154565817
CZE,Czechia,2003,48289127583.3954,46770321528.5902,95059449111.9856,100435924704.881,94.64686006656132
CZE,Czechia,2004,67612627335.6213,68363528120.8414,135976155456.4627,120147899983.657,113.17397597041541
CZE,Czechia,2005,81579428485.5619,84772805062.319,166352233547.8809,137264185596.1,121.1912873161048
CZE,Czechia,2006,97122758413.1424,101376993750.996,198499752164.1384,156236258386.589,127.05101505501571
CZE,Czechia,2007,121105712610.317,125712955252.123,246818667862.44,190040702286.917,129.87673950488858
CZE,Czechia,2008,143962757077.503,149079880738.298,293042637815.801,236506264753.95,123.90480992994786
CZE,Czechia,2009,112951738970.781,121028432041.127,233980171011.908,206971882704.716,113.04925478487546
CZE,Czechia,2010,130639247051.431,137030722710.196,267669969761.627,211168667286.27,126.75648011679748
CZE,Czechia,2011,153901041200.653,162580614171.819,316481655372.472,231429378717.312,136.7508555424375
CZE,Czechia,2012,148043927978.547,157992900012.77,306036827991.317,210363223087.728,145.48019539693502
CZE,Czechia,2013,148950542267.945,161004654093.942,309955196361.887,213024360541.119,145.50223062496084
CZE,Czechia,2014,158318631819.824,171578513790.196,329897145610.02,210911285077.683,156.41512282688527
CZE,Czechia,2015,139950729203.72,151309924284.771,291260653488.491,189107698561.919,154.01840099763277
CZE,Czechia,2016,139581736162.494,154779987656.804,294361723819.298,198160659303.939,148.5470046644353
CZE,Czechia,2017,155241626146.102,172120406679.12,327362032825.222,221563575696.217,147.75083485476145
CZE,Czechia,2018,175215168028.716,190530873335.148,365746041363.864,251992360762.236,145.14171789078907
CZE,Czechia,2019,169560596975.875,185212440994.669,354773037970.544,256794209028.77,138.15460999387136
CZE,Czechia,2020,153225751553.732,170154349910.061,323380101463.793,251109660602.536,128.78043030596456
CZE,Czechia,2021,194451452690.495,205281381420.63,399732834111.125,290972714482.313,137.37811630286836
CZE,Czechia,2022,216117395213.426,218554266386.95,434671661600.376,301831228325.556,144.0114941093961
CZE,Czechia,2023,219076391730.518,236031278976.789,455107670707.307,345059295659.911,131.89259829587644
DEU,Germany,2000,580553292712.158,583812721397.648,1164366014109.806,1966980701145.1,59.19559929754049
DEU,Germany,2001,570228511976.772,600934274699.607,1171162786676.379,1966381496641.73,59.55928636821189
DEU,Germany,2002,570622539400.393,655732684858.04,1226355224258.433,2102350798305.89,58.332568724812774
DEU,Germany,2003,700765174545.097,792550922245.881,1493316096790.978,2534715518349.01,58.914544294250874
DEU,Germany,2004,826352918672.203,967940099859.462,1794293018531.665,2852317768061.78,62.9064909465165
DEU,Germany,2005,896950519582.879,1040265986689.49,1937216506272.369,2893393187361.87,66.9531024934319
DEU,Germany,2006,1029339915529.41,1187129764083.53,2216469679612.94,3046308753670.58,72.75919346462355
DEU,Germany,2007,1193186147672.55,1415809341318.83,2608995488991.38,3484056680854.91,74.88384168167983
DEU,Germany,2008,1339125795807.81,1559414079161.72,2898539874969.53,3808197720125.0,76.11316659457451
DEU,Germany,2009,1067378170076.17,1233301486982.42,2300679657058.59,3478545516683.59,66.13912757571259
DEU,Germany,2010,1192329684250.0,1369340699300.0,2561670383550.0,3467093769666.67,73.88523512002624
DEU,Germany,2011,1406669611896.89,1592275709231.52,2998945321128.41,3823575803793.78,78.43300290144202
DEU,Germany,2012,1317969624114.84,1535179851348.05,2853149475462.89,3596483233406.25,79.3316495670315
DEU,Germany,2013,1366940257620.0,1586778324179.22,2953718581799.22,3807023797050.99,77.58602885769298
DEU,Germany,2014,1393837781387.05,1653100023449.01,3046937804836.06,3964870735760.77,76.8483516336232
DEU,Germany,2015,1204648073431.64,1458592274325.0,2663240347756.64,3425099578746.09,77.75658156869231
DEU,Germany,2016,1215609853746.31,1472560807845.53,2688170661591.84,3536787895179.0,76.00599021660554
DEU,Germany,2017,1327357307454.12,1589089750187.06,2916447057641.18,3765351626105.89,77.45483947424471
DEU,Germany,2018,1485437649157.65,1723433049609.41,3208870698767.06,4055433215301.96,79.1252260463654
DEU,Germany,2019,1454588084839.21,1676629137011.76,3131217221850.97,3959894794039.21,79.07324271756816
DEU,Germany,2020,1332733837256.03,1541867660412.46,2874601497668.49,3941398957073.94,72.93353271201374
DEU,Germany,2021,1628851031193.77,1851846071996.09,3480697103189.86,4355251953410.78,79.91953486098502
DEU,Germany,2022,1813049636001.95,1916859170749.03,3729908806750.98,4201021706478.62,88.78575421304986
DEU,Germany,2023,1779045873341.21,1960255682615.72,3739301555956.93,4562207532490.28,81.96254837876332
DNK,Denmark,2000,62604702032.636,73620705669.8544,136225407702.4904,164043817223.59,83.04208595488643
DNK,Denmark,2001,63303119743.3556,75069907723.3623,138373027466.7179,164881594415.341,83.92266459902896
DNK,Denmark,2002,69404219159.6894,81644271219.9324,151048490379.6218,178788209558.311,84.4845925538272
DNK,Denmark,2003,80789965238.247,95609830441.5805,176399795679.8275,218421193436.252,80.76130017635455
DNK,Denmark,2004,96223902121.4802,110424226102.051,206648128223.5312,251986155630.852,82.00773082401443
DNK,Denmark,2005,111425808501.059,125615175507.345,237040984008.404,265150087711.985,89.3987952460668
DNK,Denmark,2006,132470258290.173,143632474608.193,276102732898.366,283386151543.687,97.42986077278438
DNK,Denmark,2007,155784301118.724,164581516799.236,320365817917.96,320213157595.018,100.04767459403874
DNK,Denmark,2008,179262473078.206,191585682313.019,370848155391.225,354979471960.142,104.47031016848905
DNK,Denmark,2009,136777444458.953,151627484191.087,288404928650.04,322619152194.594,89.39485665627282
DNK,Denmark,2010,141177531238.47,163077152065.006,304254683303.476,322345594075.47,94.38772823190554
DNK,Denmark,2011,165028065711.771,186218363096.252,351246428808.023,344315595263.175,102.01293047430818
DNK,Denmark,2012,161048079536.101,180000103467.498,341048183003.599,326792574244.963,104.36228050517147
DNK,Denmark,2013,167807403980.041,189274488026.811,357081892006.852,344631016965.12,103.61281324918939
DNK,Denmark,2014,170691434960.267,193470125256.869,364161560217.136,352832602064.452,103.21085922513886
DNK,Denmark,2015,148815553500.626,168424695289.912,317240248790.538,301758922337.637,105.13036245389922
DNK,Denmark,2016,148938310649.103,167778866084.333,316717176733.436,312181849372.233,101.45278380864329
DNK,Denmark,2017,162057186530.798,183533038706.585,345590225237.383,331610593961.988,104.21567692044165
DNK,Denmark,2018,184150748807.726,202458132658.687,386608881466.413,355293374912.393,108.81398550190858
DNK,Denmark,2019,182858534958.076,203616268094.231,386474803052.307,345401473012.615,111.89147506565263
DNK,Denmark,2020,175669403452.283,195728280394.404,371397683846.687,355631021931.621,104.4334326711514
DNK,Denmark,2021,215701858421.281,240447056409.375,456148914830.656,406110162088.054,112.32147269729056
DNK,Denmark,2022,245032442023.852,283101737204.979,528134179228.831,400114306337.077,131.9958249090707
DNK,Denmark,2023,244049390819.477,280481748656.828,524531139476.305,404651706117.557,129.6253374312776
ESP,Spain,2000,188597988059.608,170991162037.647,359589150097.255,598102854756.08,60.1216241049215
ESP,Spain,2001,189199946437.796,175010487832.677,364210434270.473,627798682378.741,58.0138895625701
ESP,Spain,2002,202315899879.608,188324245463.53,390640145343.138,708938227243.923,55.1021415309759
ESP,Spain,2003,252597164851.764,232580150552.156,485177315403.92,907963217057.645,53.435789720225735
ESP,Spain,2004,311226847418.534,271611046439.383,582837893857.917,1069829382514.67,54.47951826560763
ESP,Spain,2005,343612756868.482,287980772158.755,631593529027.237,1154667551775.88,54.69916670437699
ESP,Spain,2006,389916169856.47,317776995049.411,707693164905.881,1261846683275.29,56.083926382321636
ESP,Spain,2007,468185448712.943,382818371650.197,851003820363.14,1476746276854.51,57.626948765754804
ESP,Spain,2008,495421038137.5,417991645729.687,913412683867.187,1636115447612.5,55.82813151725225
ESP,Spain,2009,356955506971.094,343996583489.453,700952090460.547,1496587590847.66,46.83668999711077
ESP,Spain,2010,383637214716.667,368818353816.667,752455568533.334,1427989078916.67,52.693369973401836
ESP,Spain,2011,433230760963.036,437172778239.3,870403539202.336,1487568659241.25,58.51182288596309
ESP,Spain,2012,389373194053.125,416597866010.156,805971060063.281,1330994811670.31,60.55403469618644
ESP,Spain,2013,393853404529.413,446190552100.786,840043956630.199,1362186923157.65,61.668772644132794
ESP,Spain,2014,416556734924.704,458508132691.763,875064867616.467,1380244561361.96,63.39926213894982
ESP,Spain,2015,365267176774.219,401637009328.906,766904186103.125,1206164777553.12,63.58204122482346
ESP,Spain,2016,368077385209.729,417367780824.515,785445166034.244,1243015667917.12,63.18867785072961
ESP,Spain,2017,413273524150.589,461297400643.53,874570924794.119,1321754088818.83,66.16744613785677
ESP,Spain,2018,460052638839.215,499282766700.392,959335405539.607,1431642809327.06,67.00941039829202
ESP,Spain,2019,444777298015.686,486670273121.568,931447571137.254,1403496387686.27,66.36622504406935
ESP,Spain,2020,373587218922.958,393139331915.954,766726550838.912,1289783836971.21,59.446128014707526
ESP,Spain,2021,478813490689.915,493273673720.922,972087164410.837,1461244901852.69,66.52458894319102
ESP,Spain,2022,562067869749.029,574783432054.477,1136851301803.506,1448850658406.62,78.4657338703054
ESP,Spain,2023,550315993015.696,612433794394.128,1162749787409.824,1619481980719.64,71.79763660557306
EST,Estonia,2000,3688783746.42956,3504490924.16843,7193274670.59799,5686579747.53524,126.49562636865865
EST,Estonia,2001,4078345716.58759,3831095694.20822,7909441410.79581,6250218422.70164,126.54664006729183
EST,Estonia,2002,4815881134.03033,4270175190.73184,9086056324.76217,7370119619.4782,123.28234538756995
EST,Estonia,2003,6478792908.76242,5644211833.785,12123004742.54742,9876595528.45528,122.74477280779648
EST,Estonia,2004,8368396273.29193,7418642236.02484,15787038509.31677,12148595031.0559,129.9495000776615
EST,Estonia,2005,9945822658.87327,9230780997.38838,19176603656.26165,14109491356.7964,135.91279211510678
EST,Estonia,2006,12490779074.1438,10769819345.1261,23260598419.2699,17025671810.3124,136.62073766264555
EST,Estonia,2007,16026215439.3649,14052834656.4468,30079050095.8117,22450264166.4385,133.98082923575427
EST,Estonia,2008,17111419364.2889,16160988721.2538,33272408085.5427,24342935403.5447,136.6819881578363
EST,Estonia,2009,10974937482.6341,11949522089.4693,22924459572.1034,19633984440.1223,116.75907985980152
EST,Estonia,2010,13398749270.939,14652236228.9086,28050985499.8476,19524355419.038,143.67176225697762
EST,Estonia,2011,18754165287.2471,20104199023.8133,38858364311.0604,23303915794.7569,166.7460724339
EST,Estonia,2012,19463181363.7594,19844301075.3844,39307482439.1438,23237406116.3988,169.15606777386498
EST,Estonia,2013,20652882303.2891,21239933054.6291,41892815357.9182,25451032780.7573,164.60163215691583
EST,Estonia,2014,20931419952.3882,21804108132.1015,42735528084.4897,27055689003.0038,157.95394484222922
EST,Estonia,2015,16894724760.0449,17725037607.8473,34619762367.8922,23311847750.9394,148.507157123558
EST,Estonia,2016,17750100181.8526,18537893089.3891,36287993271.2417,24561027787.7896,147.74623270969997
EST,Estonia,2017,19319297993.7894,20411337063.7789,39730635057.5683,27469461919.1189,144.6356509441328
EST,Estonia,2018,22038410927.6141,22761453869.1051,44799864796.7192,31222632740.7247,143.48522486473496
EST,Estonia,2019,21780286721.0117,22955204325.3882,44735491046.3999,31873748770.0313,140.35214799854862
EST,Estonia,2020,22032093730.3954,21687304701.9674,43719398432.3628,31820771493.8974,137.39264128384607
EST,Estonia,2021,30079327378.1584,29617994789.2515,59697322167.4099,37201101170.5847,160.47192230592677
EST,Estonia,2022,33737756551.9943,33421529205.1091,67159285757.1034,38226641740.29,175.6871195052404
EST,Estonia,2023,31856671495.2359,32253419230.1692,64110090725.4051,41470344395.1086,154.59261711114905
FIN,Finland,2000,41414786698.0393,52967332461.1766,94382119159.2159,125967821110.589,74.92557887173142
FIN,Finland,2001,39524131051.1812,51507654129.9213,91031785181.1025,129519672868.898,70.28413766397202
FIN,Finland,2002,42352247164.706,54947289188.2354,97299536352.9414,140360963811.765,69.32093775262733
FIN,Finland,2003,52757320690.196,64062137649.4116,116819458339.6076,171612867735.686,68.0715029595159
FIN,Finland,2004,63874383957.5291,76257431519.3052,140131815476.8343,197458297639.769,70.96780289906192
FIN,Finland,2005,74385401475.4863,82514287315.1751,156899688790.6614,204859368790.661,76.58897404442946
FIN,Finland,2006,84467899655.294,93509466783.5293,177977366438.8233,217044068234.117,82.0005669294984
FIN,Finland,2007,100068194989.412,112360012523.138,212428207512.55,256360251537.648,82.86316082091754
FIN,Finland,2008,117956059349.219,128286645761.719,246242705110.938,285698662071.094,86.18965987655284
FIN,Finland,2009,86296583223.8281,91464252096.8749,177760835320.703,253480783439.453,70.12793352958977
FIN,Finland,2010,92409080250.0002,95813520650.0002,188222600900.0004,249429613683.334,75.46120852312282
FIN,Finland,2011,109358964445.526,107209785535.02,216568749980.546,275126915515.565,78.71594444866076
FIN,Finland,2012,104252891990.625,100235357813.672,204488249804.297,257443384492.969,79.43037658824818
FIN,Finland,2013,106039600487.059,103378051936.471,209417652423.53,270268036626.275,77.4851717715741
FIN,Finland,2014,103434414065.098,100656518925.098,204090932990.196,273478528954.901,74.62777197541983
FIN,Finland,2015,84376236306.25,83446464503.9062,167822700810.1562,233210733506.25,71.96182537870135
FIN,Finland,2016,86888573648.6384,84368155260.7006,171256728909.339,238777818792.608,71.72221011788584
FIN,Finland,2017,95883949215.2943,96883717056.4707,192767666271.765,253846138440.0,75.93878223100418
FIN,Finland,2018,109532349829.804,107217678990.588,216750028820.392,273869255596.078,79.14361484228462
FIN,Finland,2019,106661292345.098,108456929458.823,215118221803.921,267014821129.411,80.56415029473668
FIN,Finland,2020,97119792947.8602,97778840102.724,194898633050.5842,270000311606.226,72.18459559958892
FIN,Finland,2021,117299452992.246,117459122934.107,234758575926.353,294223210496.119,79.78927819137832
FIN,Finland,2022,135299901221.79,129714531245.137,265014432466.927,280253099309.34,94.56253405226653
FIN,Finland,2023,126181886286.277,126248924941.179,252430811227.456,295191741637.26,85.51418472189177
FRA,France,2000,381449581352.471,404994866619.609,786444447972.08,1360959069477.49,57.786047031819834
FRA,France,2001,376341467532.402,403310126488.544,779651594020.946,1370376677298.86,56.89323285607223
FRA,France,2002,394028136001.569,428784967658.903,822813103660.472,1492427756382.43,55.132524850310325
FRA,France,2003,467250572392.979,497989403585.685,965239975978.664,1835095983049.09,52.598882287065805
FRA,France,2004,553011604110.426,580996794039.114,1134008398149.54,2109792297237.03,53.74976482920285
FRA,France,2005,606331902819.611,617386391343.813,1223718294163.424,2192146403028.17,55.82283612412993
FRA,France,2006,670822254333.176,670507475708.117,1341329730041.293,2317861544690.82,57.869277529267315
FRA,France,2007,777995714258.042,766429838941.689,1544425553199.731,2655816911866.56,58.15256113096585
FRA,France,2008,877476980121.484,854598937578.437,1732075917699.921,2926802941585.86,59.17979284117476
FRA,France,2009,710610400819.062,698805241356.796,1409415642175.858,2700075882518.98,52.199112302761385
FRA,France,2010,761083995458.335,736352883613.335,1497436879071.67,2646230027988.34,56.58755524779602
FRA,France,2011,891743744380.352,847885600684.827,1739629345065.179,2870408553990.28,60.60563548164056
FRA,France,2012,839869181339.766,814445012227.5,1654314193567.266,2683007095787.23,61.65895707711009
FRA,France,2013,879403265969.571,861474336499.179,1740877602468.75,2816077607875.26,61.81923387339627
FRA,France,2014,900072034980.075,879595852391.448,1779667887371.523,2861236112552.42,62.19926693795069
FRA,France,2015,776983112152.851,774108364253.242,1551091476406.093,2442483452642.5,63.504687195648415
FRA,France,2016,786690099965.255,778134181664.243,1564824281629.498,2470407619777.13,63.342756438335066
FRA,France,2017,856501561408.354,836510836277.649,1693012397686.003,2588868323334.71,65.39584815597114
FRA,France,2018,942517078079.137,915638789626.901,1858155867706.038,2781576320884.39,66.80226078122658
FRA,France,2019,913209092423.528,895514342479.214,1808723434902.742,2722793515171.76,66.42896072817493
FRA,France,2020,801836174373.076,756174143647.162,1558010318020.238,2647926055110.05,58.838890724064655
FRA,France,2021,964103785591.845,928139254791.07,1892243040382.915,2966433692008.09,63.78848263087199
FRA,France,2022,1099664152806.23,1023340977697.09,2123005130503.32,2794788137066.94,75.96300779819971
FRA,France,2023,1105442442028.06,1053069574154.53,2158512016182.59,3056250648138.29,70.62614506102254
GBR,United Kingdom,2000,447681948857.618,427199273717.658,874881222575.276,1671597821152.97,52.3380212335904
GBR,United Kingdom,2001,450228875773.715,421484093853.462,871712969627.177,1656171009068.66,52.63423673364387
GBR,United Kingdom,2002,479947541966.427,437455035971.223,917402577937.65,1790536570743.41,51.236182099132165
GBR,United Kingdom,2003,537968979591.837,494048979591.837,1032017959183.674,2061227755102.04,50.06811870397041
GBR,United Kingdom,2004,639128524350.055,582770047601.611,1221898571951.666,2429774807762.72,50.28855217561341
GBR,United Kingdom,2005,697472727272.727,643121818181.818,1340594545454.545,2551361818181.82,52.544274038321014
GBR,United Kingdom,2006,796610855565.777,745508739650.414,1542119595216.191,2719558417663.29,56.704779172981226
GBR,United Kingdom,2007,848867547018.807,788841536614.646,1637709083633.453,3104699879951.98,52.74935249647329
GBR,United Kingdom,2008,855805147058.823,806393382352.941,1662198529411.764,2945251838235.29,56.43655010526045
GBR,United Kingdom,2009,678917276834.398,648817572830.659,1327734849665.057,2429358155475.93,54.65373010859913
GBR,United Kingdom,2010,756632614064.902,717722225201.667,1474354839266.569,2496740681057.14,59.05118022278211
GBR,United Kingdom,2011,857771146098.5,836521134497.73,1694292280596.23,2675590034128.66,63.324061570890024
GBR,United Kingdom,2012,855876434983.107,829500825756.786,1685377260739.893,2719715961539.83,61.96887044725353
GBR,United Kingdom,2013,881359614349.512,844879329622.476,1726238943971.988,2796908333283.39,61.7195395154583
GBR,United Kingdom,2014,934525774096.865,880315812062.876,1814841586159.741,3085362169410.29,58.82102283332963
GBR,United Kingdom,2015,861463440127.243,821200386071.742,1682663826198.985,2945579890258.46,57.12504460543896
GBR,United Kingdom,2016,833100578279.813,786640412453.566,1619740990733.379,2706807606538.73,59.83953151382586
GBR,United Kingdom,2017,869550502969.043,836020370556.138,1705570873525.181,2699118387873.1,63.189924576415756
GBR,United Kingdom,2018,957619509260.342,922834772428.163,1880454281688.505,2897028009916.05,64.90977219592008
GBR,United Kingdom,2019,951880342949.163,917433768894.232,1869314111843.395,2875710080015.3,65.00356641770541
GBR,United Kingdom,2020,795714534395.164,815801724783.58,1611516259178.744,2724001478304.59,59.15988930306112
GBR,United Kingdom,2021,934375952193.96,935667446175.151,1870043398369.111,3194559188925.93,58.53838629290992
GBR,United Kingdom,2022,1117793765633.44,1083593172366.25,2201386937999.69,3181244350465.41,69.19892644139803
GBR,United Kingdom,2023,1131603446867.99,1091653856200.64,2223257303068.63,3420796653789.08,64.99238417478036
GRC,Greece,2000,44143578731.0291,30196597913.7726,74340176644.8017,125760166224.805,59.11265774880855
GRC,Greece,2001,44498203088.4583,30582572463.837,75080775552.2953,132050474720.03,56.85763395510666
GRC,Greece,2002,44580655233.0781,30626385965.3844,75207041198.4625,150253800085.865,50.053337190463196
GRC,Greece,2003,57150848326.6081,37167664772.0089,94318513098.617,196930509813.384,47.89431215508224
GRC,Greece,2004,68651660462.9701,48427679624.1005,117079340087.0706,234979615898.225,49.825317672567955
GRC,Greece,2005,71151157411.6607,50868190128.2615,122019347539.9222,242315668619.405,50.35553343914084
GRC,Greece,2006,81609358172.0893,55899928857.7023,137509287029.7916,269073415333.676,51.10474658348069
GRC,Greece,2007,102995736170.971,68338676371.8724,171334412542.8434,314226996944.108,54.5256818189046
GRC,Greece,2008,120506590535.928,80002280548.4023,200508871084.3303,351121399546.485,57.10528362649253
GRC,Greece,2009,90361949969.7374,61214696315.5328,151576646285.2702,326829054686.306,46.37795939860826
GRC,Greece,2010,86535244649.3168,64408084269.5168,150943328918.8336,296417644404.034,50.922518199722724
GRC,Greece,2011,87759343350.934,71678227685.3601,159437571036.2941,283228079776.041,56.292995794190794
GRC,Greece,2012,79840747060.8293,69182299552.7496,149023046613.5789,238841140018.233,62.39421173513179
GRC,Greece,2013,77182468214.221,71740892359.0022,148923360573.2232,236556279640.705,62.954727221537475
GRC,Greece,2014,79339278431.9307,76056457341.835,155395735773.7657,233911581521.062,66.43353645136783
GRC,Greece,2015,64373172350.1679,62624153981.5929,126997326331.7608,194567373678.099,65.2716454619318
GRC,Greece,2016,62714485982.0044,60206483726.2834,122920969708.2878,193097239005.87,63.6575490882866
GRC,Greece,2017,72343865240.0613,69691264258.6342,142035129498.6955,200381103984.298,70.88249673972525
GRC,Greece,2018,86614659221.9152,82399082670.3113,169013741892.2265,213298873494.394,79.23799086387045
GRC,Greece,2019,85057106800.7999,82010713282.0312,167067820082.8311,207305649887.019,80.59009495104574
GRC,Greece,2020,74331725300.7955,60184486579.7402,134516211880.5357,191362985554.861,70.2937464580745
GRC,Greece,2021,104244992301.975,87890002522.6885,192134994824.6635,218303801895.326,88.01266544903781
GRC,Greece,2022,128374908056.72,107320102999.948,235695011056.668,217990189600.69,108.1218432299221
GRC,Greece,2023,118150196971.124,106504786800.943,224654983772.067,242946187738.269,92.4710882947019
HRV,Croatia,2000,8745566720.85119,7766550908.82223,16512117629.67342,22134069750.2586,74.60045900271234
HRV,Croatia,2001,9758456702.22198,8565517611.97238,18323974314.19436,23067071477.8294,79.43780090076106
HRV,Croatia,2002,12113131542.3676,9603510065.90829,21716641608.27589,26757633353.1909,81.16054705445816
HRV,Croatia,2003,16176159508.2447,12528039619.1476,28704199127.3923,35244797328.5582,81.44237250056146
HRV,Croatia,2004,18861259100.685,15296241057.9123,34157500158.5973,41836096243.0481,81.6460024380818
HRV,Croatia,2005,20296245057.8133,16386039209.0511,36682284266.8644,45012776905.5255,81.4930488377879
HRV,Croatia,2006,22794161962.3521,18616780842.5578,41410942804.9099,49583643047.994,83.5173461635858
HRV,Croatia,2007,27152335125.4898,22213055103.6714,49365390229.1612,59290547254.1358,83.26013591604642
HRV,Croatia,2008,31569255569.185,24632961809.2019,56202217378.3869,68473103476.6775,82.07926108903453
HRV,Croatia,2009,23431234299.7898,20004212294.0404,43435446593.8302,62315450610.8524,69.70253150390572
HRV,Croatia,2010,21905880543.7495,20938118936.5758,42843999480.3253,58975127200.9948,72.6475745178259
HRV,Croatia,2011,24987785203.3224,23929865491.0766,48917650694.399,62889150894.151,77.78392616038417
HRV,Croatia,2012,23194502082.0191,22273300176.917,45467802258.9361,57547495859.7306,79.0091759505258
HRV,Croatia,2013,24806263322.5093,23621597572.2321,48427860894.7414,59846869998.8711,80.91962185433408
HRV,Croatia,2014,25511173343.9259,25283999952.174,50795173296.0999,59607109597.2123,85.21663546402773
HRV,Croatia,2015,23062064313.2695,23169685800.7316,46231750114.0011,50999271058.5849,90.65178610277162
HRV,Croatia,2016,23966598186.4551,24545506871.635,48512105058.0901,52650804052.1394,92.13934322835641
HRV,Croatia,2017,27152332095.559,27482204405.6029,54634536501.1619,56182225079.1072,97.2452344566879
HRV,Croatia,2018,30818196849.0918,30285565817.1339,61103762666.2257,61668280700.0968,99.0845893099948
HRV,Croatia,2019,31288902621.421,31035895644.6976,62324798266.1186,61467261345.012,101.3951116453575
HRV,Croatia,2020,27975917843.7995,23925674726.4144,51901592570.2139,57959824238.1808,89.54753271322713
HRV,Croatia,2021,36254483911.1414,34353885110.1626,70608369021.304,69002262504.9821,102.32761428106207
HRV,Croatia,2022,46917449045.3506,42370596882.2789,89288045927.6295,71196460236.6301,125.41079378226084
HRV,Croatia,2023,46843800747.0597,45008887886.2753,91852688633.335,85621337533.3348,107.27780163160168
HUN,Hungary,2000,33320315600.8664,31571752985.337,64892068586.2034,47275954428.9586,137.2623130934701
HUN,Hungary,2001,35566710589.4673,34859576770.3652,70426287359.8325,53800068065.7969,130.90371423638706
HUN,Hungary,2002,40718504727.117,39274697097.2605,79993201824.3775,67636468625.0428,118.26933524255514
HUN,Hungary,2003,51492037464.7748,47999431136.0294,99491468600.8042,85190469121.074,116.78708854086177
HUN,Hungary,2004,66623471361.6756,61955833363.7491,128579304725.4247,104015363080.271,123.61568610417402
HUN,Hungary,2005,74060446181.4037,70710738666.9673,144771184848.371,113098237570.929,128.00481064753856
HUN,Hungary,2006,87194453158.4201,85323332858.0256,172517786016.4457,115604111412.139,149.23153156846155
HUN,Hungary,2007,108986896176.899,109047007555.583,218033903732.482,140123326896.329,155.6014323680707
HUN,Hungary,2008,125394760311.957,125323028493.44,250717788805.397,158228265915.534,158.45322411561796
HUN,Hungary,2009,92811709103.9563,97259190764.9288,190070899868.8851,130807441076.16,145.30587733018962
HUN,Hungary,2010,101015250087.163,107172345140.723,208187595227.886,131898737241.166,157.83896008589687
HUN,Hungary,2011,114165531819.651,122146730994.007,236312262813.658,141712804953.868,166.75434720989756
HUN,Hungary,2012,102889383803.794,110596984359.093,213486368162.887,128470269689.958,166.17569860957047
HUN,Hungary,2013,107271937235.969,115833299805.539,223105237041.508,135646053778.582,164.47602479146758
HUN,Hungary,2014,114781649601.249,122820302233.432,237601951834.681,141128696412.321,168.35835508641284
HUN,Hungary,2015,100014767347.158,109507057001.96,209521824349.118,125244126623.289,167.29073849452487
HUN,Hungary,2016,100427220952.674,111069631883.681,211496852836.355,128983560865.293,163.97194450014968
HUN,Hungary,2017,113645673509.049,122904333778.696,236550007287.745,143335098991.862,165.03285584026796
HUN,Hungary,2018,127826035145.287,134422841352.766,262248876498.053,161184691013.835,162.7008587779241
HUN,Hungary,2019,130068829560.311,133707076997.179,263775906557.49,164936682033.992,159.9255564648306
HUN,Hungary,2020,121131840171.43,123744764553.729,244876604725.159,158468487754.196,154.5270029363772
HUN,Hungary,2021,146215765499.534,145547409482.391,291763174981.925,183282685440.486,159.18752733283355
HUN,Hungary,2022,168435332297.06,158966257003.232,327401589300.292,177002580544.155,184.9699525813515
HUN,Hungary,2023,164525537990.966,173379370601.313,337904908592.279,213029511028.874,158.61882560791278
IDN,Indonesia,2000,50264686469.7912,67621169165.827,117885855635.6182,165021012077.81,71.43687591737297
IDN,Indonesia,2001,49355195402.1429,62625875833.9076,111981071236.0505,160446947784.909,69.79320752562363
IDN,Indonesia,2002,51638437160.6839,63956798804.501,115595235965.1849,195660611165.183,59.07946176637242
IDN,Indonesia,2003,54323622341.4892,71553141044.9888,125876763386.478,234772463823.808,53.61649374730163
IDN,Indonesia,2004,70744690513.6428,82744351781.0167,153489042294.6595,256836875295.452,59.761294836691015
IDN,Indonesia,2005,85533801154.4002,97387627565.9961,182921428720.3963,285868619196.085,63.98793586886343
IDN,Indonesia,2006,93411754075.7803,113143425287.798,206555179363.5783,364570515618.357,56.65712681488655
IDN,Indonesia,2007,109755093425.227,127226102177.005,236981195602.232,432216737774.861,54.829249978207464
IDN,Indonesia,2008,146706628549.322,152090401421.802,298797029971.124,510228634992.258,58.56139963129624
IDN,Indonesia,2009,115216544854.096,130357798591.185,245574343445.281,539580085612.401,45.51212136870551
IDN,Indonesia,2010,169158027610.42,183480562961.321,352638590571.741,755094157621.936,46.7012738758736
IDN,Indonesia,2011,212996885266.843,235095129132.988,448092014399.831,892969104563.171,50.18001318411031
IDN,Indonesia,2012,229362102379.516,225744403267.742,455106505647.258,917869913332.649,49.58289829926269
IDN,Indonesia,2013,225519356299.674,218308408827.835,443827765127.509,912524136718.018,48.63737267528931
IDN,Indonesia,2014,217485215770.463,210820082831.806,428305298602.269,890814755533.537,48.08017558552265
IDN,Indonesia,2015,178863652305.893,182158298802.029,361021951107.922,860854232686.214,41.93764024152931
IDN,Indonesia,2016,170835000830.242,177886012744.865,348721013575.107,931877364037.698,37.421341802331824
IDN,Indonesia,2017,194777319195.676,204924485909.157,399701805104.833,1015618744159.73,39.35549707046077
IDN,Indonesia,2018,230045612385.068,218905647886.556,448951260271.624,1042271532988.63,43.074308955200216
IDN,Indonesia,2019,213034646334.827,208057763659.252,421092409994.079,1119099871350.2,37.6277775357108
IDN,Indonesia,2020,165646843301.933,183546577017.375,349193420319.308,1059054842698.48,32.97217540024277
IDN,Indonesia,2021,222923845055.988,254109508154.492,477033353210.48,1186509691086.73,40.20475827496721
IDN,Indonesia,2022,276506804558.242,323218198016.355,599725002574.597,1319101183380.15,45.464670195945324
IDN,Indonesia,2023,269460535788.982,299031805850.549,568492341639.531,1371166925749.88,41.46047654472319
IND,India,2000,65124245375.0531,60878472821.2004,126002718196.2535,468395521654.458,26.900922910447356
IND,India,2001,65218276482.1322,60963415576.6447,126181692058.7769,485440139204.171,25.99325475343649
IND,India,2002,78498759285.7313,73452895951.6331,151951655237.3644,514939140318.756,29.50866293506137
IND,India,2003,95071869378.5573,90838575243.7621,185910444622.3194,607700687237.318,30.59243613290798
IND,India,2004,139310848797.436,126648472020.752,265959320818.188,709152728830.775,37.50381405944696
IND,India,2005,183736617243.328,160838260680.778,344574877924.106,820383763511.445,42.00166961486909
IND,India,2006,229955027127.372,199973922363.783,429928949491.155,940259888787.721,45.7244804992653
IND,India,2007,302803952552.5,253077526013.168,555881478565.668,1216736438834.96,45.68626867934778
IND,India,2008,350926955799.106,288902044820.698,639829000619.804,1198895139005.92,53.36822043922263
IND,India,2009,347177967968.316,273752124889.211,620930092857.527,1341888016994.9,46.27286964288369
IND,India,2010,449974370198.802,375353514026.267,825327884225.069,1675615519484.96,49.255206497416125
IND,India,2011,566667744819.908,447384417625.093,1014052162445.001,1823051829894.55,55.623880013529636
IND,India,2012,571306554042.386,448400477361.254,1019707031403.64,1827637590410.41,55.79372172875132
IND,India,2013,527555307105.956,472180271340.149,999735578446.105,1856721507621.58,53.844131946677585
IND,India,2014,529239428328.665,468345815420.933,997585243749.598,2039126479154.52,48.92218574706681
IND,India,2015,465097595426.184,416787940847.812,881885536273.996,2103588360044.94,41.9229138658647
IND,India,2016,480169055768.282,439642578076.358,919811633844.64,2294796885663.16,40.08248571327606
IND,India,2017,582018012521.568,498258808231.521,1080276820753.089,2651474262755.45,40.742496954522565
IND,India,2018,640300806738.542,538635186135.438,1178935992873.98,2702929641648.74,43.61696933238889
IND,India,2019,602315056052.526,529245063167.215,1131560119219.741,2835606256558.19,39.90540353064424
IND,India,2020,510244747372.174,499728529072.629,1009973276444.803,2674851578587.27,37.75810532927674
IND,India,2021,760902891806.013,677769255428.552,1438672147234.565,3167270623260.47,45.423088784044566
IND,India,2022,866361019118.766,781290791563.827,1647651810682.593,3249938492013.47,50.69793827580427
IND,India,2023,839102411987.341,782620610192.051,1621723022179.392,3500906030644.76,46.322952058233916
IRL,Ireland,2000,80732344853.2708,94585397045.1296,175317741898.4004,100207610429.909,174.95451807128737
IRL,Ireland,2001,87057814273.256,104124679774.154,191182494047.41,109346669229.695,174.84071110187145
IRL,Ireland,2002,94222138296.1217,116314428261.102,210536566557.2237,128596035288.401,163.7193293596148
IRL,Ireland,2003,108173694049.047,133120814359.851,241294508408.898,164670771259.602,146.5314740212757
IRL,Ireland,2004,128503157353.008,156422059727.244,284925217080.252,194372115041.065,146.5874963700713
IRL,Ireland,2005,145449057041.93,168500867903.253,313949924945.183,211876989655.907,148.17556425312853
IRL,Ireland,2006,164818339200.564,183503168969.259,348321508169.823,232180617162.279,150.02178580926466
IRL,Ireland,2007,195969684481.856,218323414731.699,414293099213.555,270079279419.5,153.39684706802527
IRL,Ireland,2008,208530667032.742,232293869047.102,440824536079.844,275447471451.063,160.03942013247433
IRL,Ireland,2009,189237997748.641,221207094301.402,410445092050.043,236443115853.695,173.5914748746654
IRL,Ireland,2010,192360308445.5,229110049418.5,421470357864.0,221732824603.484,190.0802727867192
IRL,Ireland,2011,202164281999.903,246785523404.183,448949805404.086,240975871046.644,186.3048791790386
IRL,Ireland,2012,196364505336.258,235594088468.648,431958593804.906,226921827888.137,190.35568231798467
IRL,Ireland,2013,218622360430.84,266600810534.032,485223170964.872,242924245718.756,199.74258622444628
IRL,Ireland,2014,256055573293.823,306723211566.732,562778784860.555,266490442124.309,211.18160200208504
IRL,Ireland,2015,293084919845.965,382724762971.242,675809682817.207,302101388556.271,223.70293829064184
IRL,Ireland,2016,337593450586.6,394551308718.876,732144759305.476,305431252708.748,239.70852779876844
IRL,Ireland,2017,365103478210.224,447623457263.236,812726935473.46,348355212568.515,233.30408334671083
IRL,Ireland,2018,381868643805.341,498559384824.956,880428028630.297,395780319816.603,222.45371600039897
IRL,Ireland,2019,514830799947.372,534361678398.431,1049192478345.803,407211793800.713,257.65277291042105
IRL,Ireland,2020,518713605705.651,609592461958.134,1128306067663.785,436009027818.948,258.78043702625166
IRL,Ireland,2021,501936785223.519,723445227902.702,1225382013126.221,530394123829.763,231.032350863586
IRL,Ireland,2022,538742737109.535,764969597258.952,1303712334368.487,548341794599.09,237.75541955937763
IRL,Ireland,2023,585093268387.854,774613383952.367,1359706652340.221,567372737459.116,239.64962758511098
ITA,Italy,2000,284121969413.177,293867190140.393,577989159553.57,1149661363439.38,50.27473114556368
ITA,Italy,2001,284831774435.394,299586464835.355,584418239270.749,1172041488805.87,49.86327232034945
ITA,Italy,2002,301961782874.981,311627059267.452,613588842142.433,1281746271196.04,47.87131867915424
ITA,Italy,2003,360433739169.137,367620453604.666,728054192773.803,1582930016538.82,45.99408597770741
ITA,Italy,2004,423101431530.04,433747867067.607,856849298597.647,1812808753294.75,47.266392389177156
ITA,Italy,2005,458978118688.871,457141717037.821,916119835726.692,1864982261286.85,49.122174228861745
ITA,Italy,2006,526275457690.588,510265819331.293,1036541277021.881,1958563654385.64,52.923542959701365
ITA,Italy,2007,613038536211.257,605527905412.943,1218566441624.2,2222524108127.65,54.82804155725325
ITA,Italy,2008,664125662011.484,646508511780.156,1310634173791.64,2417508414187.19,54.21425489566698
ITA,Italy,2009,505183498247.5,492210347985.156,997393846232.656,2209484319012.65,45.141476572160535
ITA,Italy,2010,573630177653.334,534489188500.001,1108119366153.335,2144936254535.0,51.66211181383401
ITA,Italy,2011,643858645924.126,612801201125.488,1256659847049.614,2306974020278.21,54.4722149449289
ITA,Italy,2012,564328520572.5,587109493950.117,1151438014522.617,2097929495121.68,54.88449527022039
ITA,Italy,2013,556753988253.021,606723898231.296,1163477886484.317,2153225581941.46,54.034184631749774
ITA,Italy,2014,561398127135.449,622037943985.684,1183436071121.133,2173255507985.84,54.45452993320304
ITA,Italy,2015,485192095144.804,537833599948.242,1023025695093.046,1845428048839.1,55.43568581482214
ITA,Italy,2016,483730717980.818,543464412394.32,1027195130375.138,1887111188176.93,54.432146701831286
ITA,Italy,2017,540827068435.177,593973032350.354,1134800100785.531,1970720904584.71,57.58299402749104
ITA,Italy,2018,597530269520.862,646909638534.745,1244439908055.607,2099435266458.67,59.27498351281532
ITA,Italy,2019,560326098494.117,625065757185.881,1185391855679.998,2019606796583.53,58.69419025947364
ITA,Italy,2020,480945200912.997,547940256804.982,1028885457717.979,1907481094079.23,53.939483904276265
ITA,Italy,2021,634811260435.649,679294123497.663,1314105383933.312,2179207773596.09,60.3019776202798
ITA,Italy,2022,776766269322.766,738509644128.602,1515275913451.368,2104067630319.46,72.01650230326979
ITA,Italy,2023,736153956396.287,772202263040.014,1508356219436.301,2316882296366.32,65.10284194419069
JPN,Japan,2000,452064900176.773,519863963884.546,971928864061.319,5042381838343.44,19.275193652938906
JPN,Japan,2001,414845357770.868,440830946383.947,855676304154.815,4438792748062.4,19.27723038045267
JPN,Japan,2002,401205059495.326,454066577343.924,855271636839.25,4245946980572.3,20.143248155302455
JPN,Japan,2003,445643407643.175,518203970379.571,963847378022.746,4573413206709.02,21.0750119103347
JPN,Japan,2004,532277504089.913,625631972493.599,1157909476583.512,4941485123806.53,23.4324185456932
JPN,Japan,2005,599781161368.994,667445122493.381,1267226283862.375,4875648486366.14,25.990927922838196
JPN,Japan,2006,660752902210.073,720411902737.162,1381164804947.235,4648058930707.24,29.714872929484986
JPN,Japan,2007,711118565477.884,791701308241.369,1502819873719.253,4624670179654.96,32.49572002627388
JPN,Japan,2008,862718956651.3,880075851760.119,1742794808411.419,5160197175876.43,33.77380260891707
JPN,Japan,2009,633184104751.411,656874364781.057,1290058469532.468,5336765697589.29,24.173039301972914
JPN,Japan,2010,782080174983.161,859110359863.237,1641190534846.398,5811578109447.07,28.240015086066624
JPN,Japan,2011,961182364174.189,920847566473.829,1882029930648.018,6279422550218.7,29.971385355847257
JPN,Japan,2012,1007099152148.38,904081818094.558,1911180970242.938,6333803928787.76,30.17429954780307
JPN,Japan,2013,948362884511.706,822673891615.076,1771036776126.782,5272297037396.96,33.59136944608073
JPN,Japan,2014,980024678767.845,852957541825.285,1832982220593.13,4985763289560.81,36.764325021828206
JPN,Japan,2015,799671850411.581,775031229090.987,1574703079502.568,4534438580494.94,34.727630588629275
JPN,Japan,2016,763174802438.923,803470630550.066,1566645432988.989,5110357383254.44,30.656279306855417
JPN,Japan,2017,829948316863.743,867373157903.215,1697321474766.958,5038231631660.71,33.68883367927815
JPN,Japan,2018,922228472388.616,923192943803.364,1845421416191.98,5154293721629.56,35.803574958249364
JPN,Japan,2019,908590987610.906,893761110034.084,1802352097644.99,5245755000479.03,34.358297279998844
JPN,Japan,2020,798645128766.751,785057625362.297,1583702754129.048,5189197543645.38,30.519222689227334
JPN,Japan,2021,938755726387.128,912551747360.225,1851307473747.353,5225933520753.1,35.42539273405385
JPN,Japan,2022,1076977967308.71,918412226913.945,1995390194222.655,4447976207314.78,44.860631020040046
JPN,Japan,2023,988160815442.388,923420059650.996,1911580875093.384,4384854269961.93,43.59508338027345
KOR,"Korea, Rep.",2000,186383219528.585,196359987002.164,382743206530.749,597487173479.109,64.0588155729056
KOR,"Korea, Rep.",2001,167799772361.558,175166805500.193,342966577861.751,567564806235.441,60.42773866416926
KOR,"Korea, Rep.",2002,180702673024.758,187653181633.942,368355854658.7,650014391470.21,56.66887679602732
KOR,"Korea, Rep.",2003,211120763750.549,221795023926.368,432915787676.917,728516494684.269,59.424294554173116
KOR,"Korea, Rep.",2004,266051158489.267,293159147249.081,559210305738.348,823251107638.814,67.9270638751076
KOR,"Korea, Rep.",2005,311368128261.164,331627733440.925,642995861702.089,971740329983.878,66.16951482426965
KOR,"Korea, Rep.",2006,371584656529.364,377241080634.967,748825737164.331,1095175538508.19,68.37495094022601
KOR,"Korea, Rep.",2007,430767883125.589,440034853640.644,870802736766.233,1220911904593.06,71.32396149880107
KOR,"Korea, Rep.",2008,504705472100.229,500458646625.411,1005164118725.64,1091580692542.34,92.08335449618187
KOR,"Korea, Rep.",2009,389431370552.81,427737777325.304,817169147878.114,983065242417.36,83.12460990571621
KOR,"Korea, Rep.",2010,510006485308.614,540016342977.708,1050022828286.322,1192830015737.68,88.02786771231257
KOR,"Korea, Rep.",2011,658770946514.601,670299926919.72,1329070873434.321,1307103477219.1,101.68061646213025
KOR,"Korea, Rep.",2012,660911494402.722,694692887431.358,1355604381834.08,1335343586437.67,101.51727207905049
KOR,"Korea, Rep.",2013,644649663350.784,706343252061.106,1350992915411.89,1434669686501.84,94.16752358558718
KOR,"Korea, Rep.",2014,640345541582.767,712570950951.712,1352916492534.479,1556252422020.44,86.93425779720391
KOR,"Korea, Rep.",2015,529797582126.57,630586518885.63,1160384101012.2,1539212301135.55,75.38817745649054
KOR,"Korea, Rep.",2016,501960383970.089,601861440813.944,1103821824784.033,1579150518945.44,69.89972213169189
KOR,"Korea, Rep.",2017,587337161918.895,664392456663.161,1251729618582.056,1710196756713.17,73.19214082640158
KOR,"Korea, Rep.",2018,643142886151.538,719710064860.371,1362852951011.909,1824251454306.83,74.70751621408239
KOR,"Korea, Rep.",2019,602460189255.229,648610576582.722,1251070765837.951,1751045752054.63,71.44706324035099
KOR,"Korea, Rep.",2020,539436709934.322,603713417774.2,1143150127708.522,1744070276373.34,65.544957860621
KOR,"Korea, Rep.",2021,698601348291.191,764083221345.796,1462684569636.987,1942313560965.9,75.30630476109138
KOR,"Korea, Rep.",2022,814936711590.894,815019022384.453,1629955733975.347,1799363116866.52,90.58514752785499
KOR,"Korea, Rep.",2023,755197457229.567,762299062736.35,1517496519965.917,1844800934391.54,82.25800907166301
LTU,Lithuania,2000,5161331894.69141,4447864479.93094,9609196374.62235,11550695727.2335,83.19149427481148
LTU,Lithuania,2001,6065911091.92922,5396323694.43246,11462234786.36168,12260761329.3051,93.48713736858396
LTU,Lithuania,2002,7570066685.4513,6759675965.06058,14329742650.51188,14282292664.6004,100.33222947481735
LTU,Lithuania,2003,9769109983.07953,8681096446.70051,18450206429.78004,18809197969.5431,98.09140432067143
LTU,Lithuania,2004,12633539493.2936,11035742672.6279,23669282165.9215,22743164431.1972,104.0720706985433
LTU,Lithuania,2005,16272919517.3529,14387565617.6141,30660485134.967,26105207115.3129,117.44969116518537
LTU,Lithuania,2006,20312938888.1917,17215943029.2383,37528881917.43,30116192746.8942,124.61363304729231
LTU,Lithuania,2007,25702866721.4012,20500472085.3859,46203338806.7871,39729151614.6689,116.29581032817168
LTU,Lithuania,2008,33089174593.8826,27541583491.8777,60630758085.7603,47831254207.5223,126.75970783184074
LTU,Lithuania,2009,20021144008.8963,19363046983.5974,39384190992.4937,37494380038.9213,105.04025123661376
LTU,Lithuania,2010,24484526320.2937,23740962644.3557,48225488964.6494,36638128534.0643,131.62650739600892
LTU,Lithuania,2011,32897788514.4604,31728784749.2403,64626573263.7007,43186501862.7907,149.6453069272153
LTU,Lithuania,2012,33318801481.7615,33580700075.8524,66899501557.6139,42709372066.8627,156.6389256505127
LTU,Lithuania,2013,35924555727.5656,36599310828.8094,72523866556.375,46303660422.0434,156.62663792741785
LTU,Lithuania,2014,34143020506.3387,35075486128.0286,69218506634.3673,48306546656.9281,143.2901157806941
LTU,Lithuania,2015,28908846550.9062,28498914823.207,57407761374.1132,41540954817.2039,138.1955750096003
LTU,Lithuania,2016,28782248191.6343,29095247184.8522,57877495376.4865,42970749245.0336,134.6904496508768
LTU,Lithuania,2017,34056328974.8824,35152006747.9412,69208335722.8236,47756764508.446,144.9183931013245
LTU,Lithuania,2018,39433464608.6745,40441054996.4392,79874519605.1137,54261795148.5372,147.20213252522106
LTU,Lithuania,2019,39443296204.549,42344067359.6078,81787363564.1568,55122066225.796,148.37499601181855
LTU,Lithuania,2020,36377346995.4865,41586229552.7005,77963576548.187,57412038533.2718,135.7965655635186
LTU,Lithuania,2021,50396505475.3868,53381777500.2317,103778282975.6185,67072165721.2431,154.72630391409865
LTU,Lithuania,2022,63129065380.5839,61643097916.829,124772163297.4129,70639687325.6326,176.6318170722389
LTU,Lithuania,2023,57902756764.1579,61017599737.3148,118920356501.4727,80356613554.5602,147.99075177642806
LUX,Luxembourg,2000,26488340633.6989,31345279139.575,57833619773.2739,21230200537.942,272.41202771455374
LUX,Luxembourg,2001,26641307259.4485,31268767982.6717,57910075242.1202,21387550720.1937,270.76534381958317
LUX,Luxembourg,2002,27038254226.642,32249319537.982,59287573764.624,23649832386.5918,250.68919219164067
LUX,Luxembourg,2003,33265876312.4356,39412388094.1019,72678264406.5375,29667268248.1305,244.97794606052872
LUX,Luxembourg,2004,42601162807.2893,50400230064.1129,93001392871.4022,35064843792.8993,265.2268848556376
LUX,Luxembourg,2005,49069300287.1035,57949162558.3564,107018462845.4599,37672311222.7362,284.0772423351385
LUX,Luxembourg,2006,59275748177.4282,71977613139.6387,131253361317.0669,42910153829.6576,305.87949378627115
LUX,Luxembourg,2007,71143315823.83,87480215780.934,158623531604.764,51587401415.7872,307.4850200851961
LUX,Luxembourg,2008,76920486012.782,95030426100.714,171950912113.496,58844277701.5258,292.21348078342953
LUX,Luxembourg,2009,62968336727.6023,80570783795.9734,143539120523.5757,54467289897.5582,263.53270154168376
LUX,Luxembourg,2010,73618971440.6001,91465696292.8502,165084667733.4503,56213985987.4168,293.6718769069384
LUX,Luxembourg,2011,85896851544.3192,104568486412.666,190465337956.9852,61696281326.2453,308.7144538741627
LUX,Luxembourg,2012,84030679320.9293,102344215078.842,186374894399.7713,59776383527.3602,311.7868352046855
LUX,Luxembourg,2013,93990637386.7422,115007710906.273,208998348293.0152,65203276466.9763,320.533506316768
LUX,Luxembourg,2014,103651873701.48,125763218895.967,229415092597.447,68804814554.646,333.4288364591717
LUX,Luxembourg,2015,95691946360.7722,115238581122.935,210930527483.7072,60071584216.1375,351.1319540446601
LUX,Luxembourg,2016,97891285783.9403,118895618024.066,216786903808.0063,62216885435.9488,348.4374093768879
LUX,Luxembourg,2017,105827158919.454,126658587133.284,232485746052.738,65712180342.9836,353.7939919803036
LUX,Luxembourg,2018,117040520850.147,140193787082.697,257234307932.844,71085623495.1145,361.8654451986665
LUX,Luxembourg,2019,123031122937.043,144341752039.059,267372874976.102,69872035113.6469,382.66078058442105
LUX,Luxembourg,2020,126083441971.144,150610309020.746,276693750991.89,73670782100.3909,375.5813948260254
LUX,Luxembourg,2021,157127164919.606,186265544320.237,343392709239.843,86386759695.1653,397.5061808679707
LUX,Luxembourg,2022,153417111267.143,179628968244.446,333046079511.589,80801680397.0139,412.17716992417525
LUX,Luxembourg,2023,164425595344.836,193009113164.633,357434708509.469,88788881539.3937,402.5669681973445
LVA,Latvia,2000,3561696407.87949,2927652375.43453,6489348783.31402,7761252607.18424,83.61213211005558
LVA,Latvia,2001,4044694425.78912,3177771434.96754,7222465860.75666,8190888739.6463,88.17682781842477
LVA,Latvia,2002,4459960209.18599,3492097544.33834,7952057753.52433,9249030241.01864,85.9772056778196
LVA,Latvia,2003,5717024966.17882,4243384577.54274,9960409543.72156,11244337719.8377,88.58155804186684
LVA,Latvia,2004,7827520489.1375,5617268114.99935,13444788604.13685,13827070378.5612,97.23526557717479
LVA,Latvia,2005,9737186060.9832,7306359676.41568,17043545737.39888,16306935905.4138,104.51715660291848
LVA,Latvia,2006,13025682217.2059,8573078755.95686,21598760973.16276,20434922247.3037,105.69534208045556
LVA,Latvia,2007,17797774586.2399,11881893037.8881,29679667624.128,29420499247.7089,100.88091087182785
LVA,Latvia,2008,18615164449.6419,14075490425.3764,32690654875.0183,34135200994.0067,95.76816284385721
LVA,Latvia,2009,11673201278.8435,11149111759.7998,22822313038.6433,25691530442.035,88.83204949636922
LVA,Latvia,2010,13258875479.6877,12758661553.3451,26017537033.0328,23468324572.3343,110.86235386271947
LVA,Latvia,2011,18053570798.0749,16424151962.0837,34477722760.1586,26575547900.8247,129.7347580144855
LVA,Latvia,2012,18813181777.956,17308649300.9135,36121831078.8695,27116149948.6683,133.21150365095792
LVA,Latvia,2013,19561429184.0202,18242229970.9627,37803659154.9829,29152128167.8438,129.67718492909947
LVA,Latvia,2014,20125302946.9768,19247854748.9533,39373157695.9301,30277203767.4058,130.04225224495906
LVA,Latvia,2015,16803736936.4234,16490529213.9902,33294266150.4136,26344565876.8902,126.38001440600608
LVA,Latvia,2016,16650471636.2697,16793194616.7362,33443666253.0059,27117105059.5075,123.33051842965904
LVA,Latvia,2017,18978997354.9141,18851412292.5247,37830409647.4388,29391059767.4259,128.7140033288838
LVA,Latvia,2018,21399793243.0745,21235396108.6282,42635189351.7027,33247935477.3576,128.23409555982198
LVA,Latvia,2019,20771523762.3294,20699384824.9176,41470908587.247,33099503950.847,125.29163170793012
LVA,Latvia,2020,20436512013.5674,20915609598.0545,41352121611.6219,33379927434.6149,123.88319804655974
LVA,Latvia,2021,26722730484.7438,25510768209.8252,52233498694.569,38183326784.9335,136.79661541481886
LVA,Latvia,2022,31311327145.253,29453042751.9515,60764369897.2045,38003198508.9107,159.8927781906487
LVA,Latvia,2023,29797383500.3005,28230078137.1985,58027461637.499,42779550936.838,135.6429891542663
MEX,Mexico,2000,190555678046.711,179810168051.425,370365846098.136,742061329749.127,49.91040918724976
MEX,Mexico,2001,184678218802.095,171481946818.046,356160165620.141,796064590549.136,44.740109012317326
MEX,Mexico,2002,189355937339.413,177144829751.745,366500767091.158,810666116401.915,45.20982925965206
MEX,Mexico,2003,191730637234.025,181095388468.59,372826025702.615,765549967888.647,48.70041686904549
MEX,Mexico,2004,220739895659.805,205711767188.403,426451662848.208,819459227375.022,52.040620033563215
MEX,Mexico,2005,248437817056.73,233862215738.603,482300032795.333,917571853437.344,52.56264465704501
MEX,Mexico,2006,284933176453.922,270928816792.948,555861993246.87,1020265057882.01,54.48211608861679
MEX,Mexico,2007,313922896028.913,295222517228.833,609145413257.746,1102355554880.44,55.258524399036844
MEX,Mexico,2008,340860425741.283,313852456086.709,654712881827.992,1161553459984.65,56.36528187317733
MEX,Mexico,2009,264902814265.021,250136106515.904,515038920780.925,943437414950.633,54.591742135632316
MEX,Mexico,2010,334456322123.253,320766037580.856,655222359704.109,1105424238651.95,59.273384533628814
MEX,Mexico,2011,389836031336.216,374148226662.347,763984257998.563,1229013703416.76,62.162387276449685
MEX,Mexico,2012,410653072130.987,395854929792.859,806508001923.846,1255110424741.85,64.25793189389911
MEX,Mexico,2013,423928383606.88,408263658323.619,832192041930.499,1327436290439.27,62.691674766185066
MEX,Mexico,2014,445312781390.94,429314956761.169,874627738152.109,1364507717689.36,64.09840903158778
MEX,Mexico,2015,439821695268.006,414495031033.993,854316726301.999,1213294467653.78,70.412974679926
MEX,Mexico,2016,432376614131.825,409476294705.042,841852908836.867,1112233497452.7,75.6903034088549
MEX,Mexico,2017,469597181245.762,446688309687.408,916285490933.17,1190721475853.16,76.9521260441402
MEX,Mexico,2018,517202845542.861,490508969545.438,1007711815088.299,1256300182983.65,80.21266165026212
MEX,Mexico,2019,507718819549.77,502467566320.434,1010186385870.204,1304106204006.27,77.46197225094615
MEX,Mexico,2020,421735413258.959,439853932827.966,861589346086.925,1121064767168.8,76.85455571517346
MEX,Mexico,2021,559543398297.824,534121610565.454,1093665008863.278,1316569466833.94,83.06929762645201
MEX,Mexico,2022,672827146643.746,629788673074.2,1302615819717.946,1466934724243.38,88.79848558972611
MEX,Mexico,2023,674539332148.826,648642274776.945,1323181606925.771,1794410347718.25,73.73907582556645
MLT,Malta,2000,4009843672.68755,3643996903.82759,7653840576.51514,4036809766.6603,189.60122024395645
MLT,Malta,2001,3373407420.47953,3193933598.20283,6567341018.68236,4070867153.47963,161.3253582364837
MLT,Malta,2002,3564380672.90786,3676273978.67858,7240654651.58644,4455127397.86786,162.52407630479166
MLT,Malta,2003,4286857202.03433,4088458172.54019,8375315374.57452,5418315225.49353,154.5741623737229
MLT,Malta,2004,4931687776.9045,4584053414.77663,9515741191.68113,6104141501.07928,155.88991818093734
MLT,Malta,2005,5327158881.75894,4745286773.11844,10072445654.87738,6393234964.93061,157.54849790643826
MLT,Malta,2006,6294551152.1801,6019453522.02433,12314004674.20443,6749838861.63176,182.434054006847
MLT,Malta,2007,7432155048.05389,7185068939.74855,14617223987.80244,7908412373.84313,184.8313327229689
MLT,Malta,2008,8647474150.48797,8390214310.31172,17037688460.79969,9172399572.85742,185.74952307155158
MLT,Malta,2009,7237267533.9266,7106500405.35492,14343767939.28152,8769897418.38144,163.556849698349
MLT,Malta,2010,8060784214.10002,8153146629.12335,16213930843.22337,9097044301.48168,178.23295463761266
MLT,Malta,2011,9259383640.08465,9538870020.25683,18798253660.34148,9789363086.07492,192.02734125860997
MLT,Malta,2012,9457192840.63606,9686324493.47672,19143517334.11278,9609530618.89688,199.2138647903112
MLT,Malta,2013,9691474026.4385,10545175552.1132,20236649578.5517,10796780874.0524,187.4322523965071
MLT,Malta,2014,10030086465.1628,11523045417.1185,21553131882.2813,11888029751.5962,181.30112670173432
MLT,Malta,2015,11166531275.4723,12331133700.1426,23497664975.6149,11340789705.8045,207.19602060505719
MLT,Malta,2016,12049012192.0241,13609122283.9863,25658134476.0104,12025777078.0922,213.3594719858292
MLT,Malta,2017,13654552289.9319,16515915189.6634,30170467479.5953,14161374599.3379,213.04759130519636
MLT,Malta,2018,16920969058.8311,19925582337.9643,36846551396.7954,16153785816.8181,228.09855110517537
MLT,Malta,2019,17734735446.8023,20343821137.327,38078556584.1293,16337788880.578,233.07044094195786
MLT,Malta,2020,18439993420.4268,21318525671.7846,39758519092.2114,16404655807.6687,242.36119037392697
MLT,Malta,2021,19984289923.2555,23436235792.2477,43420525715.5032,19730119030.6198,220.07229479009985
MLT,Malta,2022,22022511474.1246,24298465495.7199,46320976969.8445,18938869147.0818,244.58153551888225
MLT,Malta,2023,22938681423.922,27093456124.9024,50032137548.8244,22625329775.6867,221.13329637559232
NLD,Netherlands,2000,247348982302.746,277498466740.393,524847449043.139,417649282153.726,125.66703008242118
NLD,Netherlands,2001,242665446714.961,274109208168.504,516774654883.465,432536219668.898,119.47546387653978
NLD,Netherlands,2002,250343480544.706,285816678856.471,536160159401.177,475529972122.746,112.7500243586709
NLD,Netherlands,2003,303246002570.98,345031067457.254,648277070028.234,582435617081.96,111.3045031957599
NLD,Netherlands,2004,359456671940.155,413899788533.206,773356460473.361,661224886143.245,116.95816002693888
NLD,Netherlands,2005,389965072236.576,451318628108.949,841283700345.525,688133699635.797,122.25584952325173
NLD,Netherlands,2006,435548397899.999,502638809837.646,938187207737.645,737593995289.411,127.19561353933298
NLD,Netherlands,2007,521387406195.296,586439887282.747,1107827293478.043,853499460872.552,129.7982417405965
NLD,Netherlands,2008,579974770035.937,666753754958.594,1246728524994.531,957901566041.406,130.15204998011666
NLD,Netherlands,2009,470309474396.875,541451746607.031,1011761221003.906,878954223140.234,115.10966036310666
NLD,Netherlands,2010,518250485050.001,590650523650.001,1108901008700.002,852464982433.335,130.0817079353428
NLD,Netherlands,2011,607986567101.168,686455260573.931,1294441827675.099,913140741332.687,141.7570993257754
NLD,Netherlands,2012,590440051624.219,672962028018.75,1263402079642.969,845689017065.625,149.39322305813153
NLD,Netherlands,2013,621247134613.727,710442214009.414,1331689348623.141,883951539006.669,150.6518502269494
NLD,Netherlands,2014,634097409855.292,733707070162.35,1367804480017.642,901556501756.467,151.7158910565009
NLD,Netherlands,2015,592155905829.687,651561445019.531,1243717350849.218,775743675302.734,160.3258125648085
NLD,Netherlands,2016,558461399908.951,644981374821.013,1203442774729.964,797163949289.885,150.96552921165
NLD,Netherlands,2017,631649933011.766,722521486847.06,1354171419858.826,848233537845.884,159.64605965684723
NLD,Netherlands,2018,711271186937.254,809393154293.333,1520664341230.587,929733599796.862,163.5591465730439
NLD,Netherlands,2019,699981663066.666,792548771333.332,1492530434399.998,928903005576.469,160.6766718849991
NLD,Netherlands,2020,662040850865.371,757626674438.913,1419667525304.284,932560861701.17,152.2332304097062
NLD,Netherlands,2021,808831153930.22,911591180290.683,1720422334220.903,1054472123449.6,163.15484268969706
NLD,Netherlands,2022,917438087562.26,1009321846482.49,1926759934044.75,1046540797548.64,184.10748425268153
NLD,Netherlands,2023,880497587437.271,993383113411.782,1873880700849.053,1135475867551.0,165.03042947893277
POL,Poland,2000,58004291228.2922,46824088401.6037,104828379629.8959,172953527033.013,60.610720942329486
POL,Poland,2001,59122352768.7535,51902098243.7285,111024451012.482,191823200371.284,57.87853127128953
POL,Poland,2002,64248499950.8582,57159341603.3645,121407841554.2227,199694463255.567,60.79679905739107
POL,Poland,2003,78626922854.4063,72646837615.6284,151273760470.0347,218561225998.47,69.21344798417888
POL,Poland,2004,94612868071.8343,87290664313.2379,181903532385.0722,256268656145.134,70.9815765694162
POL,Poland,2005,109863040541.397,105993139200.546,215856179741.943,306999913150.525,70.31147909025844
POL,Poland,2006,138506966129.343,130258272379.299,268765238508.642,345897630736.173,77.70080354023521
POL,Poland,2007,181658989504.868,165316208746.545,346975198251.413,429715132137.503,80.74539905669081
POL,Poland,2008,229809209701.641,201758478392.789,431567688094.43,535612030671.888,80.57468155692067
POL,Poland,2009,167382446055.34,163147702893.009,330530148948.349,440891472247.096,74.96859652642694
POL,Poland,2010,202402082711.505,190729280668.59,393131363380.095,478111630683.514,82.2258523219922
POL,Poland,2011,235449472939.55,223375954487.034,458825427426.584,527848543023.469,86.92368928376182
POL,Poland,2012,223205473781.698,219299490072.598,442504963854.296,498148649702.66,88.82990330665814
POL,Poland,2013,231368432176.376,237156858929.76,468525291106.136,518179836405.36,90.41750724156306
POL,Poland,2014,248369810894.894,250578055388.072,498947866282.966,542134167178.627,92.03401971131777
POL,Poland,2015,216474598753.15,226401379493.302,442875978246.452,480054118583.367,92.25542727419418
POL,Poland,2016,222240229807.22,236186977573.962,458427207381.182,473259623976.262,96.86590280606232
POL,Poland,2017,258225723957.111,273120944886.307,531346668843.418,528356723263.073,100.56589524627972
POL,Poland,2018,298556337608.954,310583581160.982,609139918769.936,594616632477.019,102.44246216800508
POL,Poland,2019,295123034348.038,317089370014.651,612212404362.689,602683770144.88,101.58103381737298
POL,Poland,2020,283720588327.144,317704377851.373,601424966178.517,605914237903.742,99.2590912303437
POL,Poland,2021,371023800786.561,393088751264.328,764112552050.889,689170230665.35,110.87428302194466
POL,Poland,2022,422016820864.164,433728761282.735,855745582146.899,695607470875.276,123.02133286034476
POL,Poland,2023,423641820629.422,470257077151.136,893898897780.558,812451193396.143,110.02493504181513
PRT,Portugal,2000,46550613707.5421,33452144655.7193,80002758363.2614,118605192877.388,67.45299798632499
PRT,Portugal,2001,45789575479.0646,33364915450.3024,79154490929.367,121604107164.997,65.09195517711194
PRT,Portugal,2002,47495078930.4409,36493691734.673,83988770665.1139,134795565549.419,62.30825941697747
PRT,Portugal,2003,55799780173.7724,45217764524.7015,101017544698.4739,165226175536.793,61.13894748836516
PRT,Portugal,2004,67301751547.0446,52396449477.4055,119698201024.4501,189382122532.169,63.20459366702779
PRT,Portugal,2005,70735904960.5478,53424570457.6498,124160475418.1976,197253876704.921,62.94450456045212
PRT,Portugal,2006,79723354569.2364,63373039603.5493,143096394172.7857,208756449275.848,68.54705311820094
PRT,Portugal,2007,93196905901.1729,75020812081.1391,168217717982.312,240496147317.381,69.94611758179906
PRT,Portugal,2008,107512515975.208,82346807428.8703,189859323404.0783,263416394624.084,72.07574292216039
PRT,Portugal,2009,83673807856.8683,66778989702.4113,150452797559.2796,244667762835.543,61.492693526776
PRT,Portugal,2010,89801905967.5835,71598934532.6668,161400840500.2503,238443864993.217,67.68924019279827
PRT,Portugal,2011,94725068832.2765,84455064293.3465,179180133125.623,245426767676.002,73.00757567005326
PRT,Portugal,2012,82755123140.4504,81685225652.2559,164440348792.7063,216536676771.973,75.9411067187812
PRT,Portugal,2013,87194990737.7034,89682537231.5018,176877527969.2052,226677408291.745,78.03050568742832
PRT,Portugal,2014,92113305018.3973,92457300368.9836,184570605387.3809,230078616299.675,80.22066907207909
PRT,Portugal,2015,79509937177.2523,80984130312.3324,160494067489.5847,199038523119.639,80.63467562664448
PRT,Portugal,2016,80804179611.264,83254740236.8473,164058919848.1113,206305431241.638,79.52234648440015
PRT,Portugal,2017,92464542115.2213,94844484377.5766,187309026492.7979,220862990767.229,84.80779230695371
PRT,Portugal,2018,104240636747.823,105740319070.278,209980955818.101,242092894542.888,86.73569549184013
PRT,Portugal,2019,103532874928.996,104818126821.584,208351001750.58,240115970063.019,86.77098890835865
PRT,Portugal,2020,90131397407.8057,85546804977.8602,175678202385.6659,229618773422.577,76.50864072092136
PRT,Portugal,2021,113497070631.301,106387190475.432,219884261106.733,256055879091.139,85.87354521489769
PRT,Portugal,2022,133285364418.514,127117787016.907,260403151435.421,256898677175.024,101.36414647943455
PRT,Portugal,2023,134411585081.369,137846682521.679,272258267603.048,292323800948.839,93.1358537072037
ROU,Romania,2000,10033341440.6745,8042666725.62915,18076008166.30365,37253739511.1273,48.521325385078555
ROU,Romania,2001,12046885167.2649,8929729714.84946,20976614882.11436,40395116581.4832,51.928591021148016
ROU,Romania,2002,13680172970.0688,11061722688.224,24741895658.2928,46065502702.5817,53.7102478139377
ROU,Romania,2003,18478846580.7452,13996506633.8716,32475353214.6168,57806384143.166,56.17952704702446
ROU,Romania,2004,26152717641.5904,19301170435.4961,45453888077.0865,74973656851.8076,60.626478666940756
ROU,Romania,2005,34287061637.0584,24155999358.8804,58443060995.9388,98454380120.0761,59.360549449055455
ROU,Romania,2006,45041888825.9559,30226776025.3444,75268664851.3003,122023735992.706,61.68362592651605
ROU,Romania,2007,67730544447.8622,43142335691.5821,110872880139.4443,174588782938.583,63.50515667346583
ROU,Romania,2008,83625436606.5892,56055402884.9582,139680839491.5474,214315932061.275,65.17520099794135
ROU,Romania,2009,56494830823.215,45307699244.9149,101802530068.1299,174110532658.867,58.47005836665296
ROU,Romania,2010,65157336605.9347,53811070203.5936,118968406809.5283,170064350671.827,69.9549354932719
ROU,Romania,2011,79042763123.3665,67874157648.3431,146916920771.7096,192623977894.173,76.27135644162914
ROU,Romania,2012,73233838878.9574,63959863906.3491,137193702785.3065,179117323107.087,76.59432399136735
ROU,Romania,2013,78106395081.3677,76385138211.0792,154491533292.4469,189798603751.235,81.39761317471844
ROU,Romania,2014,83680518336.6053,82838251211.1192,166518769547.7245,199722319675.741,83.37514295752017
ROU,Romania,2015,75016620203.3269,73554067275.1879,148570687478.5148,177885131240.315,83.52057670171563
ROU,Romania,2016,80557368317.7132,78593549490.1314,159150917807.8446,185290759248.844,85.89252829068838
ROU,Romania,2017,94191820736.4752,88964370565.0745,183156191301.5497,210147385855.419,87.1560645667802
ROU,Romania,2018,109548390926.871,101030592267.082,210578983193.953,241791427223.903,87.09117010958096
ROU,Romania,2019,111463746998.826,100870449571.429,212334196570.255,250080428511.595,84.90636305847904
ROU,Romania,2020,103734778510.839,92658765315.7399,196393543826.5789,250624575871.819,78.361646356271
ROU,Romania,2021,132207504086.146,116008484761.081,248215988847.227,285072444957.216,87.07119654601465
ROU,Romania,2022,148948128399.275,128501972912.445,277450101311.72,295317862855.924,93.94965093834465
ROU,Romania,2023,153468159062.589,136476225870.625,289944384933.214,347757995758.914,83.37533240622315
RUS,Russian Federation,2000,62417348027.0174,114429434767.153,176846782794.1704,259710142196.943,68.0939070373556
RUS,Russian Federation,2001,74250942749.4001,113116215289.681,187367158039.0811,306602070620.5,61.1108586644207
RUS,Russian Federation,2002,84408293460.925,121649122807.018,206057416267.943,345470494417.863,59.64544573196077
RUS,Russian Federation,2003,102759593086.478,151697387187.714,254456980274.192,430347420184.885,59.12826900760151
RUS,Russian Federation,2004,130992710864.283,203415480735.856,334408191600.139,591016690732.385,56.58185239840553
RUS,Russian Federation,2005,164341230419.182,268957047128.595,433298277547.777,764015973481.11,56.71324849054221
RUS,Russian Federation,2006,207914704586.723,333908794239.615,541823498826.338,989932071352.543,54.73340186726603
RUS,Russian Federation,2007,279982932541.908,392043343368.837,672026275910.745,1299703478481.65,51.70612274546076
RUS,Russian Federation,2008,366597425851.134,520004224863.321,886601650714.455,1660848058303.11,53.382466040890975
RUS,Russian Federation,2009,250605238920.116,341584048925.976,592189287846.092,1222645900055.7,48.43506102781793
RUS,Russian Federation,2010,322366550354.214,445512969856.508,767879520210.722,1524916715223.95,50.35550548725875
RUS,Russian Federation,2011,408776142105.219,573991024064.42,982767166169.639,2045922753398.04,48.035399407791765
RUS,Russian Federation,2012,447048493877.933,594192620575.645,1041241114453.578,2208293553878.42,47.151390385795814
RUS,Russian Federation,2013,468622436736.16,592496613389.693,1061119050125.853,2292470078346.22,46.287149400499075
RUS,Russian Federation,2014,426062113844.975,558282985966.489,984345099811.464,2059241589895.01,47.80134126281174
RUS,Russian Federation,2015,281640332372.515,391365600741.085,673005933113.6,1363482182197.71,49.35934931168845
RUS,Russian Federation,2016,263830495058.506,330106509740.16,593937004798.666,1276786350881.14,46.518119839609525
RUS,Russian Federation,2017,327207464722.169,410722481424.915,737929946147.084,1574199360089.0,46.87652433713122
RUS,Russian Federation,2018,344519598182.381,510345505266.608,854865103448.989,1657328773461.31,51.58090037039628
RUS,Russian Federation,2019,352088733268.664,481410680627.341,833499413896.005,1693115002708.32,49.22875366190323
RUS,Russian Federation,2020,305255226176.837,381065599584.428,686320825761.265,1493075894362.14,45.96690820291286
RUS,Russian Federation,2021,376515695621.301,548800273711.107,925315969332.408,1829186719575.1,50.586195462175056
RUS,Russian Federation,2022,345173687961.946,635241831700.755,980415519662.701,2292495097681.47,42.76630823133496
RUS,Russian Federation,2023,379986343205.999,465937815839.194,845924159045.193,2046284838151.09,41.33951164929333
SAU,Saudi Arabia,2000,46926133333.3333,82259466666.6667,129185600000.0,189514933333.333,68.1664488005168
SAU,Saudi Arabia,2001,44058400000.0,72980533333.3333,117038933333.3333,184137600000.0,63.56058367945129
SAU,Saudi Arabia,2002,44830400000.0,77641333333.3333,122471733333.3333,189605866666.667,64.59279740992531
SAU,Saudi Arabia,2003,51744266666.6667,98956800000.0,150701066666.6667,215807733333.333,69.83117070874209
SAU,Saudi Arabia,2004,62350400000.0,131920533333.333,194270933333.333,258742133333.333,75.08283665693408
SAU,Saudi Arabia,2005,81797389981.5858,187388647220.517,269186037202.1028,328459608764.111,81.95407594101576
SAU,Saudi Arabia,2006,113494793057.41,225506542056.075,339001335113.485,376900133511.348,89.94460467689859
SAU,Saudi Arabia,2007,145279252835.223,249318478985.991,394597731821.214,415964509673.115,94.86331709676577
SAU,Saudi Arabia,2008,176684800000.0,322853600000.0,499538400000.0,519796800000.0,96.10263087421855
SAU,Saudi Arabia,2009,162069066666.667,202056266666.667,364125333333.334,429097866666.667,84.85834156248436
SAU,Saudi Arabia,2010,174202666666.667,261830933333.333,436033600000.0,528207466666.667,82.54968502275364
SAU,Saudi Arabia,2011,197977600000.0,376224000000.0,574201600000.0,680660800000.0,84.35943424389946
SAU,Saudi Arabia,2012,215206133333.333,399419466666.667,614625600000.0,751921333333.333,81.74067854616001
SAU,Saudi Arabia,2013,229995200000.0,387745333333.333,617740533333.333,769755733333.333,80.25150142867832
SAU,Saudi Arabia,2014,259006933333.333,354973333333.333,613980266666.666,787153066666.667,78.0001111177359
SAU,Saudi Arabia,2015,247307200000.0,218010400000.0,465317600000.0,693414400000.0,67.10526923005925
SAU,Saudi Arabia,2016,198364800000.0,200877333333.333,399242133333.333,689279466666.667,57.92166351103638
SAU,Saudi Arabia,2017,201397866666.667,239892533333.333,441290400000.0,741266133333.333,59.53197915782297
SAU,Saudi Arabia,2018,209069066666.667,314916533333.333,523985600000.0,886564800000.0,59.10291046971411
SAU,Saudi Arabia,2019,218974666666.667,285860000000.0,504834666666.667,888890133333.333,56.79382048865137
SAU,Saudi Arabia,2020,182183733333.333,182847733333.333,365031466666.666,767951200000.0,47.533159225047896
SAU,Saudi Arabia,2021,213515200000.0,286501333333.333,500016533333.333,982661066666.667,50.883926339878684
SAU,Saudi Arabia,2022,258212800000.0,445881333333.333,704094133333.333,1239075200000.0,56.824164774933195
SAU,Saudi Arabia,2023,305152000000.0,374787466666.667,679939466666.667,1218584800000.0,55.79746823254869
SVK,Slovak Republic,2000,11475367692.7273,10995031445.4545,22470399138.1818,20626538612.3376,108.93926295874633
SVK,Slovak Republic,2001,13825024973.4213,12240920919.147,26065945892.5683,21377597034.604,121.93113122291177
SVK,Slovak Republic,2002,15727964250.4467,14142209625.0579,29870173875.5046,24768142566.4057,120.59916804588748
SVK,Slovak Republic,2003,21345076724.8797,21194191121.2575,42539267846.1372,33761723945.8299,125.99850622080413
SVK,Slovak Republic,2004,30449690817.4236,29790902304.9449,60240593122.3685,42960730480.0495,140.2224600215855
SVK,Slovak Republic,2005,37142855430.791,35460788060.2153,72603643491.0063,48823790951.4538,148.70546116174623
SVK,Slovak Republic,2006,47808802528.0581,46420141294.5095,94228943822.5676,57111148619.2975,164.9922057262358
SVK,Slovak Republic,2007,64082319820.2565,64216687899.8098,128299007720.0663,77019443089.3052,166.5800252168815
SVK,Slovak Republic,2008,79533491821.6971,77546084619.5474,157079576441.2445,96685492864.2317,162.4644729916408
SVK,Slovak Republic,2009,61305633339.8742,60839049329.3261,122144682669.2003,89342984697.5246,136.7143520923636
SVK,Slovak Republic,2010,71092464365.9168,70230239457.3835,141322703823.3003,91112160800.7668,155.10849768158602
SVK,Slovak Republic,2011,84295704904.2609,84383473250.7784,168679178155.0393,99705104723.4341,169.1780763110657
SVK,Slovak Republic,2012,81519904185.1137,86112869512.4262,167632773697.5399,94724394278.052,176.96895818143125
SVK,Slovak Republic,2013,87262069995.5101,92074947973.9152,179337017969.4253,99134277850.3418,180.90313649145827
SVK,Slovak Republic,2014,87794970706.9605,91989314711.6965,179784285418.657,101713075598.862,176.75631609813252
SVK,Slovak Republic,2015,79130064372.7859,80879458866.2308,160009523239.0167,89178548717.3324,179.42602289503043
SVK,Slovak Republic,2016,81715126559.1352,83400999772.7594,165116126331.8946,90347173228.6356,182.7573795962007
SVK,Slovak Republic,2017,88964308586.3343,90173773495.8931,179138082082.2274,95978130734.9766,186.64468739954884
SVK,Slovak Republic,2018,100008287099.316,101203084757.884,201211371857.2,106611673364.837,188.7329646994962
SVK,Slovak Republic,2019,97247442000.9646,97210994149.8744,194458436150.839,105843498304.094,183.72260863123552
SVK,Slovak Republic,2020,89672126063.3777,90816799595.6874,180488925659.0651,107732602896.441,167.534173320366
SVK,Slovak Republic,2021,109927511883.134,109378268572.459,219305780455.593,120511265913.343,181.97948448511937
SVK,Slovak Republic,2022,121569681272.411,114713195239.543,236282876511.954,115792972358.209,204.05631853115048
SVK,Slovak Republic,2023,120083503114.469,122215736734.818,242299239849.287,133578518423.544,181.39087235644942
SVN,Slovenia,2000,10918374946.1903,10172240637.1072,21090615583.2975,20159190701.6789,104.62034858145881
SVN,Slovenia,2001,11020070088.845,10802787759.1313,21822857847.9763,20668868706.8115,105.5832235306836
SVN,Slovenia,2002,12057382543.6409,12290189526.1845,24347572069.8254,23214593516.2095,104.88045828941526
SVN,Slovenia,2003,15208840680.3193,15114769177.369,30323609857.6883,29360575031.8177,103.28002712762598
SVN,Slovenia,2004,19444956402.5909,18946986796.2133,38391943198.8042,34156553313.4031,112.39993346676206
SVN,Slovenia,2005,21887254072.8765,21655505534.1375,43542759607.014,35947936823.7781,121.12728421791437
SVN,Slovenia,2006,25630375109.7729,25611438966.2527,51241814076.0256,39260368837.0342,130.51791308615861
SVN,Slovenia,2007,33276137346.7456,32637319159.2821,65913456506.0277,47880266542.577,137.66309435102013
SVN,Slovenia,2008,38163318803.2047,36989152940.7719,75152471743.9766,55509332322.3578,135.38709366480168
SVN,Slovenia,2009,28245914567.9758,28967234666.1429,57213149234.1187,49975540954.8465,114.48230102363767
SVN,Slovenia,2010,30475638367.7334,30989453004.8167,61465091372.5501,47793117240.9001,128.60657542536248
SVN,Slovenia,2011,35608737592.5682,36240298313.8328,71849035906.401,51199194599.3094,140.33235575031904
SVN,Slovenia,2012,32368229615.3098,33953720506.2598,66321950121.5696,46167053954.3367,143.65644857297562
SVN,Slovenia,2013,33607385501.3401,35880641477.6291,69488026978.9692,47867056858.8892,145.1687894324024
SVN,Slovenia,2014,34570632674.6391,37954050501.1246,72524683175.7637,49514466379.6057,146.4717050967464
SVN,Slovenia,2015,29706227946.6019,33169954107.1222,62876182053.7241,42709468274.8137,147.2183677145027
SVN,Slovenia,2016,30915723137.7071,34740102172.0518,65655825309.7589,44290685824.0682,148.23844808038754
SVN,Slovenia,2017,36028299306.8483,40391857784.4177,76420157091.266,48153200134.6613,158.70213584467004
SVN,Slovenia,2018,41364665347.1027,45941003425.2251,87305668772.3278,53689067639.9176,162.61349397585067
SVN,Slovenia,2019,40802920386.196,45476824978.3842,86279745364.5802,53909922735.545,160.0442756852487
SVN,Slovenia,2020,36983471635.8382,41785212679.0367,78768684314.8749,53384760135.1581,147.5490085849416
SVN,Slovenia,2021,48056473878.4837,51509624959.8519,99566098838.3356,61540813361.8556,161.78872751143868
SVN,Slovenia,2022,55305344696.1539,56494607281.7259,111799951977.8798,59899117741.0022,186.64707627463167
SVN,Slovenia,2023,53133605229.0598,57785396948.603,110919002177.6628,69255264238.3855,160.15966930090016
SWE,Sweden,2000,100499443365.131,113693763506.581,214193206871.712,262903560280.282,81.47215908501208
SWE,Sweden,2001,91348132944.787,104030360825.241,195378493770.028,242497797484.776,80.56918281177126
SWE,Sweden,2002,96049747871.5429,110054739090.694,206104486962.2369,267371907446.776,77.08531869724003
SWE,Sweden,2003,116899076215.327,134751740598.296,251650816813.623,334072443515.576,75.32821748642368
SWE,Sweden,2004,138501544448.829,164273700825.974,302775245274.803,384545442175.019,78.7358819187357
SWE,Sweden,2005,152117327481.233,177558710575.263,329676038056.496,391688455928.597,84.16792301803105
SWE,Sweden,2006,172103900680.383,201116532487.599,373220433167.982,422528394459.353,88.33026089182405
SWE,Sweden,2007,204952210451.559,233870509557.91,438822720009.469,490047789548.441,89.54692366102216
SWE,Sweden,2008,225371485791.446,252233466340.975,477604952132.421,514614100832.941,92.80836870955966
SWE,Sweden,2009,167206485667.25,188748072852.701,355954558519.951,434311714442.499,81.95831396739307
SWE,Sweden,2010,198157087922.818,221131967530.69,419289055453.508,492750897239.447,85.0914849272733
SWE,Sweden,2011,233787459645.812,259105070010.57,492892529656.382,570538581144.45,86.39074480601876
SWE,Sweden,2012,222449369429.518,246467911083.603,468917280513.121,549739674655.127,85.298060542436
SWE,Sweden,2013,227247994886.888,249633416172.366,476881411059.254,584125353119.18,81.64025213299638
SWE,Sweden,2014,233195472529.747,251073164368.217,484268636897.964,577727767303.596,83.82298104835263
SWE,Sweden,2015,202956408286.305,219257723594.666,422214131880.971,501602351911.6,84.1730765958171
SWE,Sweden,2016,207862500839.466,220294654962.484,428157155801.95,513058312950.939,83.45194785741486
SWE,Sweden,2017,225583506106.515,235035642663.111,460619148769.626,535172356784.769,86.06930887405191
SWE,Sweden,2018,244417315963.862,252513588793.121,496930904756.983,549649344043.182,90.40871423616994
SWE,Sweden,2019,236048697363.414,256361650143.493,492410347506.907,530894124494.418,92.75113902905593
SWE,Sweden,2020,218725234276.466,241040989303.335,459766223579.801,544265668451.678,84.47459581416183
SWE,Sweden,2021,275582535325.044,299954758723.977,575537294049.021,631693331300.776,91.11023744130414
SWE,Sweden,2022,303635821942.883,312333054944.71,615968876887.593,575071237640.921,107.11175182651176
SWE,Sweden,2023,303529221657.175,319579119037.653,623108340694.828,578990915246.07,107.6197094439743
TUR,Turkiye,2000,61657012662.763,54766754849.1009,116423767511.8639,274748463178.502,42.37467469880778
TUR,Turkiye,2001,45792581438.4606,55193312760.8952,100985894199.3558,202195080239.036,49.94478306790145
TUR,Turkiye,2002,54987639146.3523,60832867532.8053,115820506679.1576,240778008473.845,48.10261012344025
TUR,Turkiye,2003,73087556674.8951,73154313088.6111,146241869763.5062,315392899922.379,46.36815533878461
TUR,Turkiye,2004,103109391408.29,97840598665.6257,200949990073.9157,410156784495.948,48.99345754352649
TUR,Turkiye,2005,122961373357.656,112432994612.168,235394367969.824,508314210212.544,46.308830884621024
TUR,Turkiye,2006,147024766163.115,126908581381.397,273933347544.512,559668118237.002,48.94567666413147
TUR,Turkiye,2007,177062270987.489,152035619691.296,329097890678.785,685228481017.03,48.027468179713026
TUR,Turkiye,2008,208120647288.329,185490178806.044,393610826094.373,775415944332.866,50.76125000666817
TUR,Turkiye,2009,152234991548.169,155351324872.9,307586316421.069,653894449921.288,47.03913857321995
TUR,Turkiye,2010,198401861131.757,168951184649.955,367353045781.712,782545664268.333,46.94333667098915
TUR,Turkiye,2011,254618813878.582,198303837476.231,452922651354.813,844192507380.795,53.65158389761808
TUR,Turkiye,2012,251096117262.741,221029283948.06,472125401210.801,885327622479.052,53.32776129686071
TUR,Turkiye,2013,275806251707.141,234800269885.826,510606521592.967,962167643588.925,53.06835300430428
TUR,Turkiye,2014,268468454797.76,243287863472.577,511756318270.337,942343431928.654,54.30677404127996
TUR,Turkiye,2015,230161663398.908,218795091045.655,448956754444.563,865460050683.656,51.874925259683216
TUR,Turkiye,2016,219776888913.906,205793476583.0,425570365496.906,870818016909.84,48.87018380798699
TUR,Turkiye,2017,255673681716.1,229267970164.465,484941651880.565,863874522365.276,56.13565851586891
TUR,Turkiye,2018,245157569262.505,250128750717.116,495286319979.621,788356985773.667,62.825132385116575
TUR,Turkiye,2019,229253569685.603,256263371549.216,485516941234.819,775853144222.613,62.57845893262387
TUR,Turkiye,2020,232192230750.627,210844790111.584,443037020862.211,733628247119.077,60.389853117296965
TUR,Turkiye,2021,290243026942.939,294429020560.408,584672047503.347,839938668172.134,69.60889760864379
TUR,Turkiye,2022,386711092836.606,353224790396.438,739935883233.044,926097476913.818,79.89827223143399
TUR,Turkiye,2023,385393330658.642,364211599327.44,749604929986.082,1141242864657.45,65.68320847386677
USA,United States,2000,1477184000000.0,1096111000000.0,2573295000000.0,10250952000000.0,25.102985556853646
USA,United States,2001,1403559000000.0,1026812000000.0,2430371000000.0,10581929000000.0,22.967183015497458
USA,United States,2002,1437724000000.0,997979000000.0,2435703000000.0,10929108000000.0,22.286384213606453
USA,United States,2003,1557120000000.0,1035165000000.0,2592285000000.0,11456450000000.0,22.6272972866813
USA,United States,2004,1810504000000.0,1176363000000.0,2986867000000.0,12217196000000.0,24.448056657190406
USA,United States,2005,2041482000000.0,1301580000000.0,3343062000000.0,13039197000000.0,25.638557343676915
USA,United States,2006,2256623000000.0,1470170000000.0,3726793000000.0,13815583000000.0,26.975285805890348
USA,United States,2007,2395228000000.0,1659295000000.0,4054523000000.0,14474228000000.0,28.012015563109827
USA,United States,2008,2576151000000.0,1835280000000.0,4411431000000.0,14769862000000.0,29.867787525706063
USA,United States,2009,2001927000000.0,1582774000000.0,3584701000000.0,14478067000000.0,24.759527635837024
USA,United States,2010,2389555000000.0,1857247000000.0,4246802000000.0,15048971000000.0,28.219882940833628
USA,United States,2011,2695480000000.0,2115864000000.0,4811344000000.0,15599732000000.0,30.842478575913994
USA,United States,2012,2769317000000.0,2217700000000.0,4987017000000.0,16253970000000.0,30.681839575193017
USA,United States,2013,2766375000000.0,2287922000000.0,5054297000000.0,16880683000000.0,29.941306284822716
USA,United States,2014,2887445000000.0,2378545000000.0,5265990000000.0,17608138000000.0,29.906569337427957
USA,United States,2015,2794942000000.0,2270622000000.0,5065564000000.0,18295019000000.0,27.68821393407681
USA,United States,2016,2738830000000.0,2235558000000.0,4974388000000.0,18804913000000.0,26.452597786546526
USA,United States,2017,2931589000000.0,2388260000000.0,5319849000000.0,19612102000000.0,27.125338222287443
USA,United States,2018,3131166000000.0,2538089000000.0,5669255000000.0,20656516000000.0,27.44535913026185
USA,United States,2019,3116681000000.0,2539391000000.0,5656072000000.0,21539982000000.0,26.25848062454277
USA,United States,2020,2782391000000.0,2163837000000.0,4946228000000.0,21375281000000.0,23.139943750914902
USA,United States,2021,3417930000000.0,2568697000000.0,5986627000000.0,23725645000000.0,25.232726022833095
USA,United States,2022,3974319000000.0,3036430000000.0,7010749000000.0,26054614000000.0,26.907898155773868
USA,United States,2023,3859856000000.0,3073360000000.0,6933216000000.0,27811517000000.0,24.92929817528472
ZAF,South Africa,2000,33107016485.1348,37034203153.1617,70141219638.2965,151752757215.309,46.2207217354075
ZAF,South Africa,2001,30897364104.6692,35694800701.716,66592164806.3852,135429905922.526,49.17094518582912
ZAF,South Africa,2002,32316210606.3261,36701099077.7029,69017309684.029,129087556612.449,53.46550162943675
ZAF,South Africa,2003,42967056805.1894,47117624127.3835,90084680932.5729,197018965308.697,45.72386256897894
ZAF,South Africa,2004,58544113474.1233,58215305278.4397,116759418752.563,255806908594.573,45.64357522400397
ZAF,South Africa,2005,68831329348.0066,68171982951.6578,137003312299.6644,288867217196.534,47.42778139703291
ZAF,South Africa,2006,84077365459.513,79301796383.6635,163379161843.1765,303858675363.643,53.7681412741145
ZAF,South Africa,2007,97145854047.3063,93124912619.8572,190270766667.1635,333077117253.684,57.12513913774694
ZAF,South Africa,2008,106598986614.936,101967105838.93,208566092453.866,316131258616.309,65.97452379962347
ZAF,South Africa,2009,81135290312.0889,82381621006.4253,163516911318.5142,329754060647.129,49.587535327880076
ZAF,South Africa,2010,102766114850.772,107610657455.818,210376772306.59,417363822801.713,50.40608716259979
ZAF,South Africa,2011,123430705322.531,126912776368.754,250343481691.285,458199494830.834,54.63635043589717
ZAF,South Africa,2012,123558580031.425,117892612029.379,241451192060.804,434400545085.811,55.58261719333433
ZAF,South Africa,2013,122253185705.996,113768565563.408,236021751269.404,400886013595.573,58.87502763005109
ZAF,South Africa,2014,116261670807.052,110550033012.43,226811703819.482,381198869776.106,59.49957405505897
ZAF,South Africa,2015,100591042327.088,96085897668.3633,196676939995.4513,346709790458.563,56.72667614471566
ZAF,South Africa,2016,89649913398.7817,91109021408.9525,180758934807.7342,323585509674.481,55.86125750487814
ZAF,South Africa,2017,99923782384.0035,104288394992.827,204212177376.8305,381448814653.456,53.53593182937429
ZAF,South Africa,2018,109373822794.536,111434691806.498,220808514601.034,405260723892.517,54.485545127634104
ZAF,South Africa,2019,103935027605.427,105906059178.622,209841086784.049,389330032224.269,53.89799640814057
ZAF,South Africa,2020,78355182004.1248,93199600859.2205,171554782863.3453,337974655408.055,50.75965908041773
ZAF,South Africa,2021,104883607897.811,131000485997.462,235884093895.273,419986284375.368,56.16471362775472
ZAF,South Africa,2022,128016518313.047,136705431596.872,264721949909.919,407596043067.885,64.94713440234003
ZAF,South Africa,2023,123686210464.208,126843584296.229,250529794760.437,381440724491.232,65.67987597407047
